condition,post_index,comment_imbalance_mean,participation_rate_A_mean,participation_rate_B_mean,participation_gap_mean,mean_confidence_A_mean,mean_confidence_B_mean,mean_willingness_A_mean,mean_willingness_B_mean,conformity_rate_mean,silence_streak_mean_mean,silence_streak_max_mean,silence_streak_pct_ge_5_mean,cascade_flag_mean,comment_imbalance_std,participation_rate_A_std,participation_rate_B_std,participation_gap_std,mean_confidence_A_std,mean_confidence_B_std,mean_willingness_A_std,mean_willingness_B_std,conformity_rate_std,silence_streak_mean_std,silence_streak_max_std,silence_streak_pct_ge_5_std,cascade_flag_std,cascade_probability
control,1,0.17492342023856206,0.40149999999999997,0.40700000000000003,-0.0055,0.4986241754259052,0.5012733250348894,0.49723430558882403,0.5026133585068878,0.06623997227623851,0.59575,1.0,0.0,0.1,0.1022407577858662,0.04987088592714083,0.0462373738099614,0.0770150361259,0.0025719967953646504,0.0024877447067232824,0.005184481965528596,0.005475594237292146,0.024164457493193212,0.0288040110510946,0.0,0.0,0.30779350562554625,0.1
control,2,0.1859000817306446,0.40549999999999997,0.3995,0.005999999999999997,0.49873909348030676,0.5010274527465943,0.4989150884381329,0.5008251259547418,0.07652140997480873,0.9682499999999999,2.0,0.0,0.2,0.10430505190619806,0.048717769372494654,0.06336818062552745,0.08543387717071636,0.0038439030337325385,0.0035811755799257804,0.007299584921457354,0.007407527414570735,0.04466778618788721,0.05887710215265981,0.0,0.0,0.41039134083406165,0.2
control,3,0.1752832677373048,0.42000000000000004,0.392,0.028000000000000008,0.4989654407514478,0.5006608854332845,0.49931349529711333,0.5004268439194661,0.061212873697090976,1.1949999999999998,3.0,0.0,0.1,0.09319325938550313,0.06266032069399011,0.05166694963137001,0.09305346510700743,0.004984617134863489,0.004502464069467396,0.009501254006262462,0.00949889177100583,0.025784257114426917,0.09160843445424607,0.0,0.0,0.3077935056255462,0.1
control,4,0.19603885962742212,0.414,0.403,0.010999999999999996,0.49907521613168376,0.5004521507394051,0.49922931617095595,0.5001757798175459,0.0804615349410358,1.35125,4.0,0.0,0.25,0.1093159112374375,0.05285531392893544,0.03812721089361658,0.0712962684488946,0.0051552715730608595,0.004726484231440554,0.009368522609610082,0.0096444413038579,0.027755667187377313,0.08801726804260748,0.0,0.0,0.44426165831931924,0.25
control,5,0.19697409303375657,0.4165,0.3975,0.019000000000000003,0.49872626999872216,0.5007135602100264,0.49823225125348414,0.5013155110687968,0.0725653786811604,1.459,5.0,0.10375000000000001,0.1,0.1260519288299297,0.06531502607806985,0.06222835704927965,0.11238561436318029,0.005484184039729417,0.005286298192339704,0.010749509323693701,0.010992575204899676,0.031184732194262463,0.10444842595372383,0.0,0.01761242085634603,0.30779350562554625,0.1
control,6,0.1700350113880384,0.39249999999999996,0.40700000000000003,-0.014499999999999996,0.4976919501457515,0.5017471180863544,0.49527766962198905,0.5040734641122282,0.07000724555588528,1.5467499999999998,6.0,0.10900000000000001,0.05,0.08652961010417552,0.053985865596566346,0.04736198786724267,0.06533114031407107,0.005830764187495993,0.005699989319548261,0.011211964002781506,0.011613709425849932,0.034201842758322366,0.15655228654048023,0.0,0.025833474815685008,0.22360679774997896,0.05
control,7,0.18504951026747785,0.40449999999999997,0.40650000000000003,-0.0020000000000000018,0.4977628407173008,0.5016578903271605,0.4966657891956136,0.5024607512866839,0.08319505170006641,1.5655,7.0,0.10175000000000001,0.05,0.08408771590408318,0.045244947377114875,0.049765238343329785,0.06993229808743219,0.006066304901613455,0.005923606020799004,0.011565354096384484,0.01191661372322695,0.028771523949212893,0.1782879102669848,0.0,0.02749521489469146,0.22360679774997894,0.05
control,8,0.18780595172911602,0.41100000000000003,0.396,0.014999999999999996,0.49846868706438024,0.5009026249624072,0.49850725412207453,0.5004623648435145,0.07737065982206257,1.6162500000000002,8.0,0.10124999999999999,0.1,0.0870006809858048,0.05437685266051316,0.05557356433261753,0.07667429405231621,0.006083505928672944,0.005917821251001958,0.011953173021828726,0.011763016957891462,0.03048013952244638,0.1840686013419996,0.0,0.022057043271815402,0.30779350562554625,0.1
control,9,0.20603862076358098,0.40149999999999997,0.40099999999999997,0.0005000000000000004,0.4984823669274805,0.50080099451781,0.49779200263196915,0.5011782840264715,0.07896467494217847,1.6647500000000002,9.0,0.10925,0.25,0.10688162651062182,0.04826189517948699,0.06239939270959547,0.08846497969015168,0.006774423818942829,0.006664026134875666,0.013965251282901416,0.013899464356492586,0.029089503675581448,0.17675790014355203,0.0,0.02450966511828602,0.4442616583193193,0.25
control,10,0.15352820387409083,0.395,0.392,0.0030000000000000027,0.49844258322160756,0.5007569259607951,0.4980011907038966,0.5009170858293382,0.05125738346893709,1.68775,10.0,0.1105,0.05,0.08021389554113167,0.06160143538997501,0.03874342049405225,0.06759788224649148,0.0077529280721033034,0.007687854125743995,0.016239866563218602,0.016245850601163094,0.0269056066723655,0.14020168742884206,0.0,0.02151498865540266,0.22360679774997896,0.05
control,11,0.16616226218030877,0.4285,0.40449999999999997,0.024000000000000007,0.4986654713205908,0.5005327363788966,0.4984214437723975,0.5002445403088057,0.06654763864291184,1.6920000000000002,11.0,0.10925,0.05,0.07367586512329195,0.05584518072785078,0.05394685493978993,0.08875750524232927,0.007550279966404559,0.007625223421615489,0.01485458730225804,0.014897546398585076,0.03319105291987058,0.13986271464321154,0.0,0.01734138645583237,0.22360679774997894,0.05
control,12,0.1602814444152167,0.40750000000000003,0.3755,0.032,0.49896456391308863,0.5002407018663243,0.49885036907678415,0.4995346596052331,0.06971651019827448,1.7262499999999998,11.75,0.10500000000000001,0.15,0.11317915717010131,0.044352060416150835,0.05165421468512362,0.07550531525382136,0.007344594445612583,0.007687774442903713,0.015411145314592586,0.0155429540549769,0.026704199367966114,0.15905043059886448,0.7863975156570492,0.02152110347395881,0.3663475485325232,0.15
control,13,0.20182769200507406,0.42300000000000004,0.417,0.006,0.49906403789144893,0.5000850191038335,0.4990638297009503,0.49937644327556996,0.07397737313003526,1.6940000000000002,12.65,0.1055,0.05,0.07436764908124668,0.0575920316125691,0.04835178111344094,0.08970125857240625,0.007482948914526451,0.00796713216056685,0.015760052967820078,0.016099239469752096,0.0328681805179611,0.17945531623865535,0.8127277008872492,0.026945363823465948,0.22360679774997896,0.05
control,14,0.19369321981924884,0.39449999999999996,0.39649999999999996,-0.0019999999999999935,0.49879799162764743,0.5002293142452452,0.4983710050080402,0.49989053958259594,0.06874408696623366,1.7107500000000002,13.5,0.10800000000000001,0.2,0.11036740321503373,0.04465953072089458,0.0622621791087368,0.0795778334647744,0.00835510407138962,0.00894101842058179,0.018365390354370615,0.01869546474264558,0.038078355623629954,0.16818907749754045,1.0000000000000002,0.02358634752295667,0.41039134083406165,0.2
control,15,0.18068388504575392,0.41500000000000004,0.40700000000000003,0.00799999999999999,0.49859801896862155,0.5003700271877516,0.49806691071786435,0.5000534967413431,0.0790448204607528,1.70825,14.2,0.1055,0.15,0.09321655531363042,0.04594046490610944,0.05048188836237783,0.0749455943018878,0.009140019047379155,0.00970686898347608,0.019658381925970046,0.020006792742376583,0.029515909796834394,0.14688229265209898,1.5761378513048248,0.01877147892555702,0.3663475485325232,0.15
control,16,0.15386238290736867,0.40599999999999997,0.402,0.003999999999999992,0.4984986074778501,0.5003474736240994,0.49807051139567793,0.5000522624350661,0.07602265601684594,1.6732500000000001,13.9,0.10200000000000001,0.05,0.10045773500844977,0.04672427521895704,0.06262671365446133,0.08165395533011632,0.01003014652190217,0.010531471985960507,0.021302618436650756,0.02171326538228842,0.027629249621542857,0.1534795974783139,2.125038699338017,0.018736398575471953,0.22360679774997896,0.05
control,17,0.18668246395162943,0.4095,0.3895,0.019999999999999997,0.49858228090821743,0.5001393547804792,0.4985429631988282,0.4995982414999145,0.07431224131227065,1.70125,14.6,0.099,0.15,0.12196887895419425,0.06345118305893867,0.047625181309228014,0.08920703300100337,0.0100455486592246,0.010516670037785716,0.020816441431179715,0.021006775282631923,0.03145485457541683,0.1526853920562423,2.1860803664140644,0.01810786395028705,0.36634754853252327,0.15
control,18,0.1683333529123933,0.398,0.4165,-0.018499999999999992,0.4982450906684077,0.5003834062177835,0.49738988714265425,0.5004345471997669,0.06254604602233463,1.71825,15.55,0.10500000000000001,0.15,0.11143075530248336,0.05559250233430292,0.03923948065539685,0.07929126851777499,0.010291222396190562,0.010796022158070065,0.02168769278288339,0.021868933904138087,0.04015940654200912,0.17494566825762017,2.282081229238369,0.019934101962532244,0.3663475485325232,0.15
control,19,0.17007467413458685,0.426,0.38449999999999995,0.0415,0.49890714400266367,0.49963602235120846,0.5001479447575004,0.4977846121147871,0.056656545386989596,1.71825,15.4,0.10500000000000001,0.05,0.0858110877830947,0.05669864938519491,0.04706937768644782,0.06768930569346354,0.010605486038312137,0.011070494792022769,0.022247801778599623,0.022109415227331338,0.027314442451584844,0.19191058087721893,2.458069417888334,0.027047716121114944,0.22360679774997896,0.05
control,20,0.18727106273152364,0.39649999999999996,0.39,0.0064999999999999945,0.4990233537951485,0.49937337806521603,0.4996489615940215,0.49824346016940424,0.06875536958119713,1.7412500000000002,15.45,0.10575000000000001,0.15,0.09478307810879316,0.05029125695700783,0.04994734069102441,0.07875845819238785,0.010894268936133449,0.011130507249458197,0.02254955451021117,0.022339564570853763,0.027417838712227593,0.15108271523276667,2.8741131355236305,0.020473024613918315,0.36634754853252327,0.15
control,21,0.2186977293287135,0.40049999999999997,0.393,0.0075000000000000015,0.49885724220815114,0.4994924716975132,0.49910295156828904,0.49855033298893225,0.08585007250869019,1.7405000000000002,15.45,0.1065,0.15,0.10374591657536102,0.050312183310543025,0.05858866425297106,0.08194189212002934,0.01079681822183303,0.010966800846273566,0.022013480606013814,0.022092763383962807,0.031580479775528976,0.16369821398890672,2.8557421378504637,0.02596049630536852,0.36634754853252327,0.15
control,22,0.19942858539135352,0.41050000000000003,0.409,0.001500000000000007,0.4989271742128416,0.4993598412123075,0.4995090785690729,0.49803527641175566,0.07536168128547674,1.73,16.05,0.10600000000000001,0.2,0.08731833234703568,0.06065215750924542,0.05118593556827892,0.0766588478087717,0.011186870694133825,0.011396951764702255,0.02367608984421197,0.02361395429801901,0.032068905701304225,0.1757540147029664,3.1867323637065503,0.024257391711220294,0.41039134083406165,0.2
control,23,0.1288202876230204,0.3975,0.39849999999999997,-0.0010000000000000009,0.4993008502828302,0.4989652577800306,0.500356676354105,0.4969420706668924,0.07088830380071645,1.71475,16.2,0.10500000000000001,0.1,0.09485354128357225,0.058658243015659875,0.03937338133682115,0.0715909432672509,0.010876411870481863,0.011050620380528911,0.022152640538647555,0.022398180551824933,0.041218286306840164,0.1589643703873028,3.518372829650242,0.02058359080739597,0.30779350562554625,0.1
control,24,0.16392435454856652,0.4175,0.4165,0.0010000000000000037,0.49935069178074754,0.4988470226940576,0.5000535160442394,0.49696991117290557,0.07351978931375186,1.6765,15.85,0.1035,0.1,0.09298214348894827,0.05250313273861305,0.03717313687682487,0.07656438638922076,0.010977197597169114,0.01108517971453165,0.022983192197152585,0.02332393522500059,0.024249038930818208,0.1356960613010989,3.7595492450978467,0.023175531561495943,0.3077935056255462,0.1
control,25,0.2222651201423039,0.4165,0.379,0.0375,0.4997524950981319,0.4983390941612166,0.5014855236701055,0.495362953736546,0.07957002030767098,1.70825,15.9,0.09925,0.2,0.09998304313451015,0.06376560696471843,0.05035662293764555,0.07986007499963525,0.012136735074217428,0.012174765809872569,0.026348593744696377,0.02699484910036415,0.0312967373326045,0.1263586687089364,3.4777488181444713,0.012698425099200295,0.4103913408340617,0.2
control,26,0.18358458725759916,0.4085,0.3995,0.008999999999999998,0.5001524398488997,0.49781744504112935,0.502111039170525,0.4944203486922418,0.06366555264809354,1.6957499999999999,16.0,0.10024999999999999,0.1,0.07724889282216439,0.04498830257323622,0.05642647754752243,0.08459812116863565,0.01268853942330558,0.012730068000262098,0.026383587868086034,0.027410147090925825,0.02627555650377558,0.19206821019736997,4.192725529821986,0.024250610410114587,0.30779350562554625,0.1
control,27,0.18290517025130276,0.4,0.381,0.019000000000000006,0.5005427931718384,0.49738913459377426,0.5027646384778742,0.4936717022181,0.07112266152027405,1.738,16.25,0.1055,0.15,0.1095002503019472,0.044721359549995794,0.05693024355805047,0.0855877512141471,0.012423638561009545,0.012589655845835978,0.025430622678370363,0.026273354430013388,0.03522666844094168,0.16803351795964622,4.253481546117003,0.025230516193063136,0.3663475485325232,0.15
control,28,0.2200667752264359,0.41200000000000003,0.371,0.041,0.5005959088376972,0.49730804436928067,0.502486639882908,0.49383787406888313,0.08356816990111819,1.7567499999999998,16.65,0.1095,0.3,0.14909154892837628,0.07810923525153057,0.05139117270095077,0.11331836846504166,0.013396894416568725,0.013684533155268012,0.028932220762638922,0.03017086974881893,0.033074066666102214,0.16954486287208997,4.196176204217609,0.020577197394970454,0.4701623459816272,0.3
control,29,0.18963964573640027,0.426,0.381,0.045,0.5008399225654054,0.49702061609860293,0.5032662493476783,0.49273015804717746,0.06873586278159696,1.7712499999999998,16.65,0.11100000000000002,0.05,0.10003937966001593,0.06668070027731923,0.055715442440276715,0.09832812950845542,0.014328710130697768,0.014686182738891636,0.030323238438242042,0.03156109080994792,0.04652304716394493,0.14676220472874507,4.132986686086518,0.016591056563544617,0.22360679774997896,0.05
control,30,0.2450120694927044,0.418,0.392,0.026000000000000002,0.5009704082549999,0.4968527214712951,0.5032275705109764,0.4924567462193343,0.08251353781221314,1.733,16.55,0.10475000000000001,0.25,0.10284626096773183,0.05337060101433728,0.06653847323956742,0.09477952254963538,0.015625482834032287,0.01603176016279545,0.03347620050189495,0.03478778010311082,0.02731054600083171,0.12518827925631815,4.501169438689181,0.01681751906103933,0.4442616583193193,0.25
control,31,0.18225270976562494,0.40199999999999997,0.3915,0.0105,0.5012296869172383,0.4965930526501155,0.503679095518973,0.49182536357977985,0.07980478868487309,1.7550000000000001,16.6,0.10874999999999999,0.15,0.10929483669568767,0.0558758021254093,0.05008151250448456,0.0912760417057712,0.015761376643693346,0.016166578499209532,0.032270771105365546,0.03324521454906351,0.03219947501635549,0.1331303279141395,4.535242116208526,0.015378984293337998,0.36634754853252327,0.15
control,32,0.18277779888916984,0.41600000000000004,0.39249999999999996,0.023500000000000007,0.5014996844602782,0.49631090773647824,0.5042283399694867,0.49097102349980243,0.07096550929003892,1.73425,16.95,0.1085,0.15,0.09936596962174817,0.05743646375275077,0.05437443284640698,0.08355741801457942,0.0155251213992706,0.015903153602227937,0.03163760853068298,0.03254362076519287,0.0337657479033196,0.15695519809973268,4.454152409180733,0.01913250196861214,0.36634754853252327,0.15
control,33,0.1636256206691734,0.4025,0.40099999999999997,0.0015000000000000013,0.5016852443324612,0.49607687399336664,0.504462174448878,0.4904893522367753,0.06600925393223951,1.76175,17.1,0.10525,0.0,0.06687022224488823,0.04494148241997879,0.04204008112566663,0.06166761497611291,0.015397484353543064,0.015706183378313383,0.03143803691967131,0.032295842975017766,0.026440858877563995,0.14667611113929688,4.564162458476738,0.01743219948679364,0.0,0.0
control,34,0.20800399800559286,0.4095,0.3865,0.023,0.5015669173551849,0.4962079326441284,0.5036963279327786,0.49105995968162414,0.06400114511651932,1.786,16.7,0.11125,0.25,0.1021579820168264,0.06151379819537281,0.06063479980480202,0.1026542485084865,0.015981534907766524,0.016278725948426397,0.033611692208784565,0.034439652996162716,0.029381101437188705,0.16334174700850193,3.908156113888788,0.020122977178497117,0.4442616583193193,0.25
control,35,0.18013327250530983,0.40700000000000003,0.421,-0.013999999999999995,0.5013580007132704,0.49631981658556457,0.5033423957937461,0.49121915127672855,0.07947503211189608,1.7252500000000002,14.85,0.11225,0.05,0.10029717723634116,0.06457146184043323,0.04919349550499537,0.0929855676407564,0.016613584207022775,0.016900681156833394,0.034829175228572797,0.0358596588428805,0.028948169557616397,0.1834069031014459,2.5603248149199227,0.02291144278578535,0.22360679774997896,0.05
control,36,0.18327089863899074,0.421,0.377,0.044000000000000004,0.5017939370017547,0.49584165112977185,0.504694559759558,0.4898387985269778,0.062214782689507565,1.75175,15.5,0.10825,0.1,0.11047088872324176,0.056930243558050465,0.051615990994223766,0.077690343503451,0.017038537637114437,0.01734235455492747,0.03554156832613564,0.03620085328088784,0.02278035400007417,0.1584486883571627,3.017492859626139,0.018797746225489236,0.30779350562554625,0.1
control,37,0.20781500900764455,0.393,0.418,-0.025,0.5020820011066929,0.4954268675294967,0.5051573695097483,0.4893342292793405,0.0773312145490721,1.765,15.9,0.11100000000000002,0.2,0.1284633945762406,0.05639148871948674,0.0696306042816776,0.09248043889897674,0.017737005566334015,0.01796620801205053,0.03708859050050846,0.03777134582249066,0.02989124369993756,0.179831792751478,2.8818853478052766,0.020300375936368638,0.41039134083406165,0.2
control,38,0.18000342285123597,0.395,0.398,-0.0030000000000000053,0.5020177513114945,0.4953500692954849,0.5047938543380889,0.48953479949509304,0.06618572871211206,1.7725000000000002,16.3,0.10800000000000001,0.05,0.0732876725178807,0.05670793131197972,0.04595191995301634,0.07540068406781689,0.017818228823785465,0.018001651276062285,0.036353336004055624,0.036744439394671806,0.03300378406121548,0.17967441313899457,3.197038102928858,0.021968877507678182,0.22360679774997896,0.05
control,39,0.18787841816210094,0.387,0.4035,-0.016500000000000008,0.5017817243351088,0.49546518952204444,0.5043004191408675,0.4899756337446585,0.0720055375921984,1.79225,16.6,0.11000000000000001,0.1,0.1066268896807023,0.05262578915522813,0.046710192734168404,0.07652141083245573,0.01830256403420668,0.018391216066551218,0.03774239839406857,0.03777850707885065,0.03354706256706105,0.1600614602352221,3.803045870711638,0.020131148946216083,0.3077935056255462,0.1
control,40,0.1837867584676179,0.39,0.421,-0.030999999999999993,0.5007670192654133,0.49641952792085065,0.5013665906886285,0.4927530251115228,0.06716436634176307,1.75075,16.3,0.10974999999999999,0.15,0.10543538750240633,0.04963021151211066,0.05004208754953963,0.07608167356618528,0.01787911993860078,0.017877494991463,0.035639185219917886,0.03571625727611732,0.03986019479076084,0.19541639079021414,3.628831912975796,0.025312520305384965,0.36634754853252327,0.15
treatment1,1,0.16862299437923156,0.422,0.392,0.029999999999999992,0.5027265210415836,0.4973483932005084,0.5055281068273632,0.494136232197397,0.06355966226349864,0.593,1.0,0.0,0.1,0.09059777073871345,0.04840617620445602,0.04311551192344878,0.0666491204980073,0.002052549847535036,0.0020249787926483838,0.004160521433552175,0.004442197910427966,0.03152722448553939,0.03147262804071935,0.0,0.0,0.30779350562554625,0.1
treatment1,2,0.21082960691277855,0.41950000000000004,0.383,0.0365,0.5059109163533614,0.49413503480435594,0.512614523691872,0.48680897161336284,0.08135167529532476,0.9727499999999999,2.0,0.0,0.15,0.09600976263163923,0.05762629151424036,0.034043316060881214,0.06183807377676841,0.0028387593313474184,0.0026764663008768054,0.00527651066758206,0.005651179494439623,0.050539833688992196,0.06308880541285473,0.0,0.0,0.36634754853252327,0.15
treatment1,3,0.22494614850667696,0.4285,0.3805,0.048,0.5093480998807305,0.49068726515760597,0.5199199857886831,0.479434029185238,0.0805739850267589,1.1952500000000001,3.0,0.0,0.15,0.08458902873226698,0.04625728961045234,0.048717769372494654,0.07633720207770672,0.003170694030960029,0.003020025795808559,0.00607428001728114,0.006011707939345897,0.029155258103914936,0.0827404788607442,0.0,0.0,0.36634754853252327,0.15
treatment1,4,0.21292303544507027,0.4255,0.395,0.0305,0.5125480969029612,0.4875948432406226,0.5260444889667257,0.4733098220122276,0.08033893740940057,1.338,4.0,0.0,0.2,0.11155028165188326,0.05871205381485045,0.05385164807134505,0.0920797709083071,0.0037515901640222233,0.0034729148360794124,0.007587075019056031,0.007093586687031049,0.029455668317333605,0.1108626461698866,0.0,0.0,0.4103913408340616,0.2
treatment1,5,0.23987099042709276,0.445,0.377,0.068,0.515612968176386,0.48454211077937337,0.5324992892380849,0.4669367359222928,0.08161520631420652,1.44975,5.0,0.10875000000000001,0.25,0.10270584326402858,0.049257647015196374,0.04496782475457194,0.07977600219562139,0.004345675445025978,0.00434367251316985,0.009953687105914537,0.008360128054480897,0.031472234928309153,0.09447186994299582,0.0,0.020188258703357363,0.4442616583193193,0.25
treatment1,6,0.2199176647612327,0.4135,0.36550000000000005,0.047999999999999994,0.5187963963792382,0.48140833282169365,0.5390475966928154,0.46009734198431695,0.07797768079527384,1.5682500000000001,6.0,0.10600000000000001,0.25,0.1300642469207564,0.051735664172487636,0.049361715401396056,0.07338435226868693,0.00543325949055538,0.00547903114213517,0.012035173210671008,0.010620516261594808,0.041268837437281804,0.11673491111781516,0.0,0.02055800522782715,0.44426165831931924,0.25
treatment1,7,0.22182399238605804,0.42000000000000004,0.382,0.038,0.5221019769268123,0.4781283679572071,0.5459742044707105,0.4530313269071379,0.0888988445836,1.6355,7.0,0.11074999999999999,0.2,0.09801349425980463,0.05457973404498278,0.055402831012598325,0.07480500968307009,0.006097803590463834,0.006185483929403629,0.01342239720435326,0.011580226088687699,0.026504268056002776,0.15747096641336106,0.0,0.017265344052846382,0.41039134083406165,0.2
treatment1,8,0.2538421370137837,0.44699999999999995,0.3585,0.0885,0.5257308153971888,0.474460706661355,0.5537876441984836,0.4448682916510478,0.07982537878146778,1.6647500000000002,8.0,0.11125,0.3,0.09883756033128646,0.04691537734665413,0.05214100315995383,0.05363374821293419,0.006532689359781181,0.0066240191923193584,0.014192886230452947,0.012710574642532103,0.029818863004881152,0.17456317661975262,0.0,0.01897886636290621,0.47016234598162726,0.3
treatment1,9,0.28168514739150885,0.4575,0.353,0.1045,0.5295023428472962,0.47064517706537234,0.5615776357593077,0.4367848643787874,0.07931034864737953,1.70675,9.0,0.11474999999999999,0.55,0.12607867643394824,0.047225662069416634,0.043419617201153865,0.0735187051028512,0.007411756036655851,0.007545770339054841,0.016604768249734926,0.015266290539390229,0.03235015193895163,0.16265296444302899,0.0,0.019226831580673374,0.5104177855340404,0.55
treatment1,10,0.2470541162423531,0.42699999999999994,0.333,0.094,0.533065771038431,0.4670559430393964,0.5686336843545352,0.42951716970572906,0.06930197588132385,1.7747499999999998,10.0,0.119,0.35,0.12082939059725582,0.048460510239075896,0.04910782979697251,0.07443824710173493,0.00825887677965537,0.008406646771546357,0.017692836618127962,0.01637139724332901,0.02468486467691041,0.1581594382094753,0.0,0.021001253095445215,0.4893604849295929,0.35
treatment1,11,0.32501599923985813,0.4915,0.351,0.1405,0.5374586685103486,0.4626778291889243,0.5785570882861689,0.41915644174258687,0.07728484628946063,1.72275,10.9,0.1135,0.6,0.09527406801894384,0.04392277912787156,0.058029030847090934,0.06581273273063262,0.008988441855489693,0.00899432866640664,0.0182381445097835,0.01813061582112972,0.03136450926165855,0.21307569077677535,0.44721359549995787,0.025807995497111887,0.5026246899500346,0.6
treatment1,12,0.3028185694529247,0.4405,0.3305,0.10999999999999999,0.5414890921903683,0.4586538117764314,0.5864224220041758,0.4111916156350097,0.08133707333522301,1.7830000000000001,11.7,0.11775,0.6,0.11024478080931746,0.05266327992663938,0.04695742752749558,0.07718740011713118,0.00913319999209478,0.009136013000698159,0.018658094239733802,0.01848471322015587,0.02794323580992084,0.2022596038966285,0.6569466853317864,0.02484027925938456,0.5026246899500346,0.6
treatment1,13,0.20750224097000322,0.453,0.392,0.06100000000000001,0.5448317401558196,0.45528480339504657,0.5929783996853263,0.40457784314445144,0.07522031131090332,1.72775,12.55,0.10874999999999999,0.2,0.11191274549974822,0.05639148871948675,0.03914883879436743,0.06995487267178975,0.009111636651462252,0.009447556472276047,0.01988967474236062,0.019239660128154396,0.028221789529353378,0.19814584607250654,0.7591546545162482,0.025745464598030097,0.41039134083406165,0.2
treatment1,14,0.28535121188866214,0.446,0.3255,0.12050000000000001,0.548345451950419,0.45179967549177436,0.6004664628218693,0.396796559788004,0.06997367765860017,1.79875,13.4,0.11499999999999999,0.55,0.1561442354616933,0.0661258767726173,0.05762629151424035,0.0972503551610346,0.009526477048409487,0.009711795389827143,0.019978287008677386,0.020187764432274633,0.03467992701530627,0.21113026036574026,0.9403246919632545,0.028377159087807524,0.5104177855340404,0.55
treatment1,15,0.25437284214271133,0.4585,0.3465,0.11199999999999999,0.5521284787081544,0.44805729160170077,0.6085382153006422,0.38865612820855144,0.05669574591657659,1.7737500000000002,14.1,0.11174999999999999,0.4,0.12057591312704853,0.06037383539249432,0.06482973651683388,0.09725711988549246,0.010070038754886991,0.0101015801888287,0.02105532210632125,0.021331837845218662,0.028483312737995915,0.16252833761014046,1.165287405253359,0.020344079702639992,0.5026246899500345,0.4
treatment1,16,0.3209843349501565,0.47800000000000004,0.3345,0.14350000000000002,0.556302415654311,0.4438251017133257,0.6175932115413679,0.37945904508477246,0.07188727839597431,1.7712499999999998,14.75,0.11100000000000002,0.55,0.1303869474145044,0.049161388357766705,0.04570788254027733,0.06861601777090275,0.010370375209736023,0.010536251006054426,0.021700986427722526,0.021296603363286565,0.033839055557868744,0.1251512243143007,1.5174424466672098,0.015269508660623042,0.5104177855340405,0.55
treatment1,17,0.28583159307165384,0.47400000000000003,0.33199999999999996,0.14200000000000002,0.5601354453463157,0.43997633339287506,0.6250977649964227,0.37181351043994637,0.061066957411323355,1.778,15.25,0.11174999999999999,0.55,0.11018705745830731,0.04816637831516919,0.03901416746718934,0.06653847323956744,0.010735133620177022,0.010886874051894539,0.022938707211668973,0.021917127626993212,0.024196709190864613,0.16801002476356178,1.8317377426626162,0.018797746225489236,0.5104177855340405,0.55
treatment1,18,0.2905293693763668,0.47800000000000004,0.3415,0.1365,0.5639597258341941,0.4361500033713628,0.633155930444126,0.36348841306022367,0.06660304227548604,1.761,15.0,0.11325,0.5,0.12202062406732662,0.06152449234162552,0.04270769682880419,0.08171033562144032,0.01084806184091543,0.011065081394372397,0.023431353736605914,0.02158091692797249,0.03147918224753365,0.1732552118149773,2.675424216239755,0.017112245538456403,0.512989176042577,0.5
treatment1,19,0.3100480429548435,0.4765,0.3265,0.15,0.568176323390823,0.43197144077371463,0.6420960164378101,0.35426451058022723,0.061099262638916726,1.7934999999999999,15.6,0.11299999999999999,0.5,0.10492289966509313,0.050915306353322,0.04625728961045234,0.0611297154030931,0.011425997227904865,0.011537923202072796,0.024356555009182154,0.022787678191369756,0.02270343311444104,0.14096565464493008,3.0157481397002077,0.014903196407411893,0.512989176042577,0.5
treatment1,20,0.3307534662835222,0.46749999999999997,0.32,0.14750000000000002,0.5725151137051612,0.4276607506774718,0.6510467908094005,0.3451143065717072,0.0720199303127175,1.85425,16.4,0.11274999999999999,0.7,0.09418098953081538,0.062565754884046,0.04746189607408631,0.07107260927722918,0.012067987637159706,0.012105041911838862,0.025509078133088434,0.02383437333775591,0.02831171667404465,0.17429765073755746,2.909150717088553,0.015683967677385186,0.47016234598162726,0.7
treatment1,21,0.25588131267933945,0.46749999999999997,0.3355,0.132,0.5752641674396993,0.4249336669316784,0.6548616840395758,0.34103077884136285,0.060977091113277274,1.832,16.9,0.11625,0.55,0.12224363759077918,0.05035400992760629,0.04946822478276226,0.0759223980543014,0.012034218519264926,0.011977670998708528,0.024104743918209375,0.022774335479814497,0.03042946490333879,0.15350638594636964,3.127130852462214,0.01805510570739654,0.5104177855340405,0.55
treatment1,22,0.22852832878686188,0.47850000000000004,0.3335,0.145,0.5766204998257193,0.42355157442215174,0.6567268999762064,0.33909767509951666,0.0732686503946278,1.8672499999999999,17.4,0.11775,0.35,0.13492770420337374,0.06714281714924422,0.04738143096192853,0.08042649471804413,0.012171730125509313,0.011774077265833353,0.02463283088560841,0.023162638656843773,0.0357448542066437,0.1707758996308813,3.3466401061363023,0.024627487851884865,0.4893604849295929,0.35
treatment1,23,0.21954943820445347,0.45199999999999996,0.34750000000000003,0.1045,0.5774951818025312,0.42260383235459803,0.6583990254907782,0.3372837856059366,0.06784709160619573,1.9170000000000003,18.4,0.12575,0.25,0.1124960180331858,0.059877067044860656,0.03823404379951404,0.08488227141164402,0.012874264269095197,0.012465687787652606,0.026496081169353657,0.025099635245934244,0.025518503975675493,0.16602472865906384,3.3466401061363023,0.022957340300745,0.4442616583193193,0.25
treatment1,24,0.26212514638351314,0.46749999999999997,0.3305,0.137,0.5785780613084829,0.4214256254540431,0.6609318561290843,0.33444791094737386,0.0768629029305409,1.9265,18.6,0.12150000000000001,0.4,0.13503956236319886,0.04810897716861717,0.045244947377114875,0.07671546883057379,0.013475923392396671,0.01281074898260963,0.027377886189706963,0.026059312661628146,0.03300789629170881,0.17355493594096855,3.37794705639231,0.021281323662829466,0.5026246899500346,0.4
treatment1,25,0.2741576183272695,0.48550000000000004,0.3155,0.16999999999999998,0.5802429264179872,0.41973320969135974,0.6648443091206209,0.330294936559078,0.04734790378067662,1.93475,19.05,0.12225,0.4,0.11983890547219904,0.05605213738353926,0.04839258316377787,0.07920659196384046,0.01355613419609067,0.013009602273394089,0.026967909013684798,0.02671944270236157,0.022008599805789626,0.16601739762985535,3.9930861300634706,0.02130449668373718,0.5026246899500346,0.4
treatment1,26,0.2658869232629383,0.48200000000000004,0.3135,0.16849999999999998,0.5819720662323957,0.4180060955799208,0.6682823467450627,0.3267389430062122,0.058654667167374344,1.9485,19.8,0.12425,0.45,0.11927433013925744,0.06970615014775275,0.03453068810569274,0.09212548650160765,0.013957782691185272,0.013150432142628772,0.02749688488196371,0.027466394609800212,0.02778194224037896,0.18815656974137815,4.073017761342384,0.022552570165119346,0.5104177855340405,0.45
treatment1,27,0.25806541020720086,0.4715,0.324,0.1475,0.5832134516577752,0.4167650905041044,0.6702665553374412,0.3243564648154836,0.07497209838296238,1.95275,19.95,0.12125,0.45,0.14217261062140177,0.05967235099846671,0.060035077465726575,0.1101135777277262,0.014391019952455576,0.013193523275200457,0.02790852538991219,0.029048458432191226,0.03901573581031957,0.19397147782735052,4.260899336747436,0.021635436331702625,0.5104177855340405,0.45
treatment1,28,0.23312996091519284,0.4765,0.3285,0.148,0.5843894139337517,0.41558747766108706,0.6727376266523677,0.32186765902828596,0.06276116498549349,1.9517499999999999,20.15,0.12350000000000001,0.35,0.12744195169958594,0.045337912565417846,0.05112162998801563,0.05662433919679491,0.01477103424420055,0.013341207570237986,0.028529447278181505,0.028983476562188887,0.03894634947298791,0.24128643711746858,4.196176204217609,0.023288804629105188,0.4893604849295929,0.35
treatment1,29,0.2835278840971601,0.475,0.3165,0.1585,0.5859010394649456,0.414064831602741,0.6761807340370065,0.3183065989747471,0.058442044547814764,1.9905000000000002,21.1,0.126,0.5,0.10142303513071875,0.06295361701075519,0.042830756288098924,0.08634538966146064,0.014865587657973769,0.013427373199500287,0.02849256710890557,0.028276156446937723,0.028482734070457774,0.21779940070479634,4.241399967488392,0.021063812820244956,0.512989176042577,0.5
treatment1,30,0.3028358616651746,0.49349999999999994,0.311,0.1825,0.5874337937670736,0.41247368314366895,0.6792515537435235,0.3149215759800016,0.06514868586587663,2.016,21.3,0.13,0.55,0.12699308506946783,0.060808153885374354,0.05646610534321964,0.07913180211054943,0.015687784286422278,0.014107324199218958,0.02991578632783637,0.03059234047436318,0.02822477109822594,0.2188041662260908,4.600915240757167,0.02600607216543252,0.5104177855340404,0.55
treatment1,31,0.2950472777453063,0.4795,0.314,0.1655,0.5892305340287459,0.41055405219522917,0.6835186476374153,0.31060736035328623,0.06812340540534408,2.0595,22.05,0.13275,0.7,0.1057857064153091,0.04559258942554497,0.045699245646198365,0.05633312571330992,0.016198328691424967,0.014811656608011408,0.031595178120383455,0.03136975661330485,0.023242807685855293,0.23109521847065545,4.442320398881175,0.022211601994405868,0.4701623459816272,0.7
treatment1,32,0.2690811026051193,0.47050000000000003,0.3175,0.153,0.5906826921348639,0.409051767613532,0.6860441390175746,0.3079888701114884,0.06683376936025134,2.028,21.95,0.1275,0.5,0.12770174336430504,0.05072889760907069,0.051183364896275264,0.06266871963789136,0.017037872218841833,0.015616264086764439,0.033433482321178126,0.033475784207275885,0.035940690425893616,0.23324033234322694,4.925497570376973,0.01824540317017153,0.512989176042577,0.5
treatment1,33,0.2699287537381715,0.47400000000000003,0.3095,0.1645,0.5922773855517485,0.4073888450866739,0.689486223041835,0.30431663882446824,0.06321908589438043,2.04725,22.35,0.1285,0.4,0.1395225488103504,0.054231472703393825,0.03966637181078677,0.07155969168242839,0.018367196812489807,0.016669598400316104,0.03532147125566284,0.03594939525657817,0.024056368493859802,0.2411457028437372,5.508605707627408,0.022774639635487454,0.5026246899500346,0.4
treatment1,34,0.2598308491395026,0.47850000000000004,0.314,0.1645,0.5938145000540419,0.4057952666631186,0.6924607148738876,0.30124272906795324,0.062122430381065206,2.0765000000000002,22.85,0.1305,0.45,0.14014774727638193,0.05234249556627258,0.04694902050432776,0.08425993616248034,0.019471247132593798,0.017788178426460893,0.03743756687877981,0.03789568317206068,0.027407889414857486,0.23524958750453231,5.284286537511598,0.021453744612415254,0.5104177855340404,0.45
treatment1,35,0.2040651065940638,0.472,0.356,0.11599999999999999,0.5948161013486604,0.4046614572151731,0.6940727086426091,0.2994597494630151,0.06437852636719942,2.05225,23.2,0.13075,0.3,0.11997519962144372,0.05943594517585608,0.05403702434442519,0.08629203781041263,0.0203890999473847,0.01899616228474526,0.0396020914638106,0.039541330462329875,0.03412726989583232,0.26930942387795054,5.662433919679491,0.02202122182183168,0.4701623459816273,0.3
treatment1,36,0.3021262464333936,0.5,0.3045,0.1955,0.5961119015402851,0.40331146213485897,0.6970240331628124,0.2962256438962311,0.0665953831199639,2.0435,24.2,0.127,0.6,0.14867287808290297,0.07560284038106115,0.05345681976088147,0.10267347323073843,0.02123504352825135,0.01958221275527077,0.04024855418467915,0.041139206896682955,0.03674920906555971,0.24303508518643754,5.662433919679491,0.02015727634065883,0.5026246899500345,0.6
treatment1,37,0.27242070830657117,0.47400000000000003,0.3145,0.1595,0.5977094844802673,0.4017359871638678,0.7001877355223982,0.2927260411441034,0.06252105609660544,2.07175,23.95,0.13125,0.45,0.12026867103666,0.05255573482654295,0.058622341708331825,0.07943716484048721,0.021960491809722572,0.020008701742909533,0.04112776219474511,0.04244276382396023,0.03425908438079705,0.26420822629529395,6.0652157509245415,0.023889823863112225,0.5104177855340405,0.45
treatment1,38,0.26931019315353294,0.487,0.3165,0.1705,0.5991199053526379,0.400325713284606,0.7026357973792162,0.2901467468561031,0.05855246276920625,2.104,24.8,0.13525,0.5,0.11736440065044702,0.06182317739454917,0.05382965334225522,0.09310294246014379,0.021901230300193232,0.01979174309996641,0.03937291522340747,0.041264341898637966,0.03891124677455877,0.3053798325123373,6.203564340467163,0.02750478427282673,0.512989176042577,0.5
treatment1,39,0.2301304937524086,0.47800000000000004,0.322,0.15599999999999997,0.6002661668332195,0.3990562296940831,0.7050133198760146,0.28761329333288965,0.0642283937975695,2.087,25.15,0.1315,0.45,0.15025568117814544,0.054925787252101885,0.05307393056165294,0.09063518545303068,0.021238791528243765,0.019218603666076806,0.03791764639056369,0.04000169176834594,0.029823032409446587,0.3122979346713648,6.968160672508545,0.025188761069384228,0.5104177855340405,0.45
treatment1,40,0.3190954347476163,0.5085,0.3035,0.205,0.6018845338711337,0.3973316252804285,0.708750889982682,0.28346356754024254,0.060484384999820576,2.131,26.15,0.137,0.55,0.16900522920310238,0.06123939220709769,0.053535526817048755,0.10055111295152071,0.02170772438999671,0.019778396225945554,0.03956711215430875,0.04240825514819291,0.034301617538170785,0.34572045293697523,6.968160672508545,0.024836306192007655,0.5104177855340404,0.55
treatment2,1,0.16862299437923156,0.422,0.392,0.029999999999999992,0.5027265210415836,0.4973483932005084,0.5055281068273632,0.494136232197397,0.06355966226349864,0.593,1.0,0.0,0.1,0.09059777073871345,0.04840617620445602,0.04311551192344878,0.0666491204980073,0.002052549847535036,0.0020249787926483838,0.004160521433552175,0.004442197910427966,0.03152722448553939,0.03147262804071935,0.0,0.0,0.30779350562554625,0.1
treatment2,2,0.21082960691277855,0.41950000000000004,0.383,0.0365,0.5059109163533614,0.49413503480435594,0.512614523691872,0.48680897161336284,0.08135167529532476,0.9727499999999999,2.0,0.0,0.15,0.09600976263163923,0.05762629151424036,0.034043316060881214,0.06183807377676841,0.0028387593313474184,0.0026764663008768054,0.00527651066758206,0.005651179494439623,0.050539833688992196,0.06308880541285473,0.0,0.0,0.36634754853252327,0.15
treatment2,3,0.22494614850667696,0.4285,0.3805,0.048,0.5093480998807305,0.49068726515760597,0.5199199857886831,0.479434029185238,0.0805739850267589,1.1952500000000001,3.0,0.0,0.15,0.08458902873226698,0.04625728961045234,0.048717769372494654,0.07633720207770672,0.003170694030960029,0.003020025795808559,0.00607428001728114,0.006011707939345897,0.029155258103914936,0.0827404788607442,0.0,0.0,0.36634754853252327,0.15
treatment2,4,0.21292303544507027,0.4255,0.395,0.0305,0.5125480969029612,0.4875948432406226,0.5260444889667257,0.4733098220122276,0.08033893740940057,1.338,4.0,0.0,0.2,0.11155028165188326,0.05871205381485045,0.05385164807134505,0.0920797709083071,0.0037515901640222233,0.0034729148360794124,0.007587075019056031,0.007093586687031049,0.029455668317333605,0.1108626461698866,0.0,0.0,0.4103913408340616,0.2
treatment2,5,0.23987099042709276,0.445,0.377,0.068,0.515612968176386,0.48454211077937337,0.5324992892380849,0.4669367359222928,0.08161520631420652,1.44975,5.0,0.10875000000000001,0.25,0.10270584326402858,0.049257647015196374,0.04496782475457194,0.07977600219562139,0.004345675445025978,0.00434367251316985,0.009953687105914537,0.008360128054480897,0.031472234928309153,0.09447186994299582,0.0,0.020188258703357363,0.4442616583193193,0.25
treatment2,6,0.2199176647612327,0.4135,0.36550000000000005,0.047999999999999994,0.5187963963792382,0.48140833282169365,0.5390475966928154,0.46009734198431695,0.07797768079527384,1.5682500000000001,6.0,0.10600000000000001,0.25,0.1300642469207564,0.051735664172487636,0.049361715401396056,0.07338435226868693,0.00543325949055538,0.00547903114213517,0.012035173210671008,0.010620516261594808,0.041268837437281804,0.11673491111781516,0.0,0.02055800522782715,0.44426165831931924,0.25
treatment2,7,0.22182399238605804,0.42000000000000004,0.382,0.038,0.5221019769268123,0.4781283679572071,0.5459742044707105,0.4530313269071379,0.0888988445836,1.6355,7.0,0.11074999999999999,0.2,0.09801349425980463,0.05457973404498278,0.055402831012598325,0.07480500968307009,0.006097803590463834,0.006185483929403629,0.01342239720435326,0.011580226088687699,0.026504268056002776,0.15747096641336106,0.0,0.017265344052846382,0.41039134083406165,0.2
treatment2,8,0.2538421370137837,0.44699999999999995,0.3585,0.0885,0.5257308153971888,0.474460706661355,0.5537876441984836,0.4448682916510478,0.07982537878146778,1.6647500000000002,8.0,0.11125,0.3,0.09883756033128646,0.04691537734665413,0.05214100315995383,0.05363374821293419,0.006532689359781181,0.0066240191923193584,0.014192886230452947,0.012710574642532103,0.029818863004881152,0.17456317661975262,0.0,0.01897886636290621,0.47016234598162726,0.3
treatment2,9,0.28168514739150885,0.4575,0.353,0.1045,0.5295023428472962,0.47064517706537234,0.5615776357593077,0.4367848643787874,0.07931034864737953,1.70675,9.0,0.11474999999999999,0.55,0.12607867643394824,0.047225662069416634,0.043419617201153865,0.0735187051028512,0.007411756036655851,0.007545770339054841,0.016604768249734926,0.015266290539390229,0.03235015193895163,0.16265296444302899,0.0,0.019226831580673374,0.5104177855340404,0.55
treatment2,10,0.2470541162423531,0.42699999999999994,0.333,0.094,0.533065771038431,0.4670559430393964,0.5686336843545352,0.42951716970572906,0.06930197588132385,1.7747499999999998,10.0,0.119,0.35,0.12082939059725582,0.048460510239075896,0.04910782979697251,0.07443824710173493,0.00825887677965537,0.008406646771546357,0.017692836618127962,0.01637139724332901,0.02468486467691041,0.1581594382094753,0.0,0.021001253095445215,0.4893604849295929,0.35
treatment2,11,0.32501599923985813,0.4915,0.351,0.1405,0.5374586685103486,0.4626778291889243,0.5785570882861689,0.41915644174258687,0.07728484628946063,1.72275,10.9,0.1135,0.6,0.09527406801894384,0.04392277912787156,0.058029030847090934,0.06581273273063262,0.008988441855489693,0.00899432866640664,0.0182381445097835,0.01813061582112972,0.03136450926165855,0.21307569077677535,0.44721359549995787,0.025807995497111887,0.5026246899500346,0.6
treatment2,12,0.3028185694529247,0.4405,0.3305,0.10999999999999999,0.5414890921903683,0.4586538117764314,0.5864224220041758,0.4111916156350097,0.08133707333522301,1.7830000000000001,11.7,0.11775,0.6,0.11024478080931746,0.05266327992663938,0.04695742752749558,0.07718740011713118,0.00913319999209478,0.009136013000698159,0.018658094239733802,0.01848471322015587,0.02794323580992084,0.2022596038966285,0.6569466853317864,0.02484027925938456,0.5026246899500346,0.6
treatment2,13,0.20750224097000322,0.453,0.392,0.06100000000000001,0.5448317401558196,0.45528480339504657,0.5929783996853263,0.40457784314445144,0.07522031131090332,1.72775,12.55,0.10874999999999999,0.2,0.11191274549974822,0.05639148871948675,0.03914883879436743,0.06995487267178975,0.009111636651462252,0.009447556472276047,0.01988967474236062,0.019239660128154396,0.028221789529353378,0.19814584607250654,0.7591546545162482,0.025745464598030097,0.41039134083406165,0.2
treatment2,14,0.28535121188866214,0.446,0.3255,0.12050000000000001,0.548345451950419,0.45179967549177436,0.6004664628218693,0.396796559788004,0.06997367765860017,1.79875,13.4,0.11499999999999999,0.55,0.1561442354616933,0.0661258767726173,0.05762629151424035,0.0972503551610346,0.009526477048409487,0.009711795389827143,0.019978287008677386,0.020187764432274633,0.03467992701530627,0.21113026036574026,0.9403246919632545,0.028377159087807524,0.5104177855340404,0.55
treatment2,15,0.25437284214271133,0.4585,0.3465,0.11199999999999999,0.5521284787081544,0.44805729160170077,0.6085382153006422,0.38865612820855144,0.05669574591657659,1.7737500000000002,14.1,0.11174999999999999,0.4,0.12057591312704853,0.06037383539249432,0.06482973651683388,0.09725711988549246,0.010070038754886991,0.0101015801888287,0.02105532210632125,0.021331837845218662,0.028483312737995915,0.16252833761014046,1.165287405253359,0.020344079702639992,0.5026246899500345,0.4
treatment2,16,0.3209843349501565,0.47800000000000004,0.3345,0.14350000000000002,0.556302415654311,0.4438251017133257,0.6175932115413679,0.37945904508477246,0.07188727839597431,1.7712499999999998,14.75,0.11100000000000002,0.55,0.1303869474145044,0.049161388357766705,0.04570788254027733,0.06861601777090275,0.010370375209736023,0.010536251006054426,0.021700986427722526,0.021296603363286565,0.033839055557868744,0.1251512243143007,1.5174424466672098,0.015269508660623042,0.5104177855340405,0.55
treatment2,17,0.28583159307165384,0.47400000000000003,0.33199999999999996,0.14200000000000002,0.5601354453463157,0.43997633339287506,0.6250977649964227,0.37181351043994637,0.061066957411323355,1.778,15.25,0.11174999999999999,0.55,0.11018705745830731,0.04816637831516919,0.03901416746718934,0.06653847323956744,0.010735133620177022,0.010886874051894539,0.022938707211668973,0.021917127626993212,0.024196709190864613,0.16801002476356178,1.8317377426626162,0.018797746225489236,0.5104177855340405,0.55
treatment2,18,0.2905293693763668,0.47800000000000004,0.3415,0.1365,0.5639597258341941,0.4361500033713628,0.633155930444126,0.36348841306022367,0.06660304227548604,1.761,15.0,0.11325,0.5,0.12202062406732662,0.06152449234162552,0.04270769682880419,0.08171033562144032,0.01084806184091543,0.011065081394372397,0.023431353736605914,0.02158091692797249,0.03147918224753365,0.1732552118149773,2.675424216239755,0.017112245538456403,0.512989176042577,0.5
treatment2,19,0.3100480429548435,0.4765,0.3265,0.15,0.568176323390823,0.43197144077371463,0.6420960164378101,0.35426451058022723,0.061099262638916726,1.7934999999999999,15.6,0.11299999999999999,0.5,0.10492289966509313,0.050915306353322,0.04625728961045234,0.0611297154030931,0.011425997227904865,0.011537923202072796,0.024356555009182154,0.022787678191369756,0.02270343311444104,0.14096565464493008,3.0157481397002077,0.014903196407411893,0.512989176042577,0.5
treatment2,20,0.3307534662835222,0.46749999999999997,0.32,0.14750000000000002,0.5725151137051612,0.4276607506774718,0.6510467908094005,0.3451143065717072,0.0720199303127175,1.85425,16.4,0.11274999999999999,0.7,0.09418098953081538,0.062565754884046,0.04746189607408631,0.07107260927722918,0.012067987637159706,0.012105041911838862,0.025509078133088434,0.02383437333775591,0.02831171667404465,0.17429765073755746,2.909150717088553,0.015683967677385186,0.47016234598162726,0.7
treatment2,21,0.1547402929612785,0.4495,0.3395,0.11000000000000001,0.572936566732716,0.42712389599041956,0.6477559310857518,0.3481764000789017,0.07423044654562409,1.85625,16.4,0.11975,0.05,0.1232416257070555,0.06047835628509897,0.058980371400376215,0.10794735559034029,0.012476054484868127,0.012554878177593532,0.02640363448580836,0.024279053090614868,0.03649801917049314,0.16698467468288028,3.2019730759248075,0.019633148660257976,0.22360679774997896,0.05
treatment2,22,0.15331808110514195,0.4615,0.35150000000000003,0.11000000000000001,0.5713625862827624,0.4285357588765598,0.6435289059061464,0.35215683839669365,0.08875090708002109,1.841,16.8,0.11574999999999999,0.1,0.1110802867674308,0.06028659622346021,0.050915306353322,0.08,0.012408900706295392,0.01206811649674144,0.025004428886367815,0.023220163332346295,0.035639085002445406,0.22035617101697685,3.6215727900574093,0.024130947589743493,0.3077935056255462,0.1
treatment2,23,0.1202754674357885,0.4285,0.358,0.07050000000000001,0.568946573586567,0.43090378461749734,0.6379640693112406,0.35778432422806133,0.08129419944726521,1.8435,17.0,0.11699999999999999,0.0,0.07378136680537543,0.04749238166053028,0.03334035013865963,0.0643571449433795,0.012688698141747138,0.012128827328506994,0.025633729679905452,0.02347802255577167,0.035459199379323125,0.17533501766918275,3.8113404189961417,0.02413776250913428,0.0,0.0
treatment2,24,0.11029970547562433,0.45999999999999996,0.3565,0.1035,0.5663950960852189,0.4333634437611047,0.6327695241338773,0.36294317405285326,0.07311420968620551,1.79875,17.7,0.10674999999999998,0.05,0.10326223739339625,0.03838859479749572,0.04451788522900832,0.058604382807180284,0.012330106128810843,0.011879162709057908,0.02436149178565891,0.021932193134471305,0.036781355178043575,0.19607245572679718,4.117996446919558,0.02488261917166489,0.22360679774997894,0.05
treatment2,25,0.16568385320395151,0.4465,0.3635,0.08299999999999999,0.5644338618405096,0.4351737527361991,0.6296034823482114,0.3661877673862427,0.0796316423386274,1.7695,17.95,0.10325,0.1,0.10468872465554918,0.03977237867242989,0.07169195800161454,0.08572293189474785,0.012306477338079387,0.01197447539017356,0.02543062767329617,0.022367993763380372,0.038260369620911026,0.2670545972170051,4.871776937249466,0.028482450737252227,0.3077935056255462,0.1
treatment2,26,0.13141377859175477,0.437,0.368,0.069,0.5622491146882702,0.437358876068563,0.6243463698736063,0.3714085539613282,0.08252267846035057,1.79875,18.55,0.10774999999999998,0.0,0.0740837833234459,0.05759203161256908,0.04490926524964707,0.08711154373922886,0.012866957470553705,0.012209287997919115,0.025629756868686574,0.023472773304693967,0.03300226959685616,0.19770309344543582,4.673272267288792,0.023534688843223916,0.0,0.0
treatment2,27,0.1284567927050859,0.4665,0.382,0.0845,0.5599301930197113,0.439672753393746,0.6195478607871396,0.37631360525100727,0.07317535537700544,1.7765,18.55,0.11125,0.05,0.09827092041962901,0.056594122811844214,0.044674259632188754,0.08146520083672795,0.012601400750649628,0.012022584640885556,0.025166284477605147,0.0224967523290014,0.028010142208949502,0.23209061297600764,4.860961568292949,0.029685855217594793,0.22360679774997896,0.05
treatment2,28,0.10832443918113244,0.4545,0.34500000000000003,0.1095,0.5572251507039796,0.44226257565605104,0.6137933149559858,0.3820452877259317,0.08391186660366473,1.83275,19.35,0.11625,0.1,0.11017213854573549,0.05689093906210743,0.061601435389975,0.08357001476858222,0.0128719152098119,0.012112100630061687,0.025986434886127646,0.023665797923894977,0.030790310308178054,0.2421095608886279,4.923359999452663,0.027619358199792055,0.3077935056255462,0.1
treatment2,29,0.1471007735431201,0.45499999999999996,0.3405,0.1145,0.5551772724122866,0.4442166105210467,0.6103270828603548,0.38523850646620633,0.07676719470895463,1.82625,19.15,0.1125,0.15,0.12240279578805888,0.05529823448214334,0.04762518130922802,0.07877182237323192,0.013096296889320173,0.012395785298879471,0.0263022965745794,0.024370903417500332,0.035161688417060216,0.19102132011071984,4.976523834332979,0.026081854955020686,0.3663475485325232,0.15
treatment2,30,0.15667819817051803,0.442,0.3745,0.0675,0.5529994505637797,0.44627536384935584,0.6054189236446198,0.39002693333323796,0.08452155191673758,1.7732500000000002,18.6,0.1055,0.1,0.10934033906375025,0.06485611605294972,0.0768782359182021,0.1035615758860399,0.013775852223711848,0.013131713488607453,0.027678347977684932,0.025957298772115125,0.04657572797636128,0.24429961651950852,4.592900700222602,0.020768143621269674,0.30779350562554625,0.1
treatment2,31,0.15028251655538796,0.4215,0.376,0.0455,0.5507870870204505,0.44834887269030393,0.6009492703673194,0.39424890170738275,0.072967457099316,1.7905000000000002,18.7,0.10425,0.0,0.0911913024316859,0.04815271758194252,0.04967261238401531,0.07577494378264596,0.014651881603429914,0.01402587563040534,0.029398774376331243,0.02807132742170978,0.03171401998181668,0.19900343821414904,5.420234991992604,0.022080891953761388,0.0,0.0
treatment2,32,0.14460352821627503,0.4125,0.3655,0.047,0.5486489445655482,0.4503294046526628,0.5965119529379241,0.398343069314068,0.069371625831033,1.8425,18.9,0.11499999999999999,0.05,0.09590734791974771,0.0526032818667989,0.060998274350051986,0.0823407554009556,0.014740361961736356,0.014163089427363449,0.02883650588197549,0.02756725777620807,0.03794135694564586,0.19284913656452862,5.729884723741693,0.017844356324383876,0.22360679774997896,0.05
treatment2,33,0.12799055920724775,0.442,0.3545,0.0875,0.5465531396993144,0.45235365348766887,0.5920798061593473,0.4026525978951212,0.09043916050218803,1.8392499999999998,19.35,0.11574999999999999,0.05,0.10101363348874114,0.04212762564048992,0.04223680111491698,0.06146244039205869,0.014605185484566576,0.013907998829888855,0.02819022141676931,0.02724258452622378,0.027390376240151587,0.17313878673966793,6.028659622346019,0.020473024613918322,0.22360679774997896,0.05
treatment2,34,0.08048818836561908,0.449,0.35750000000000004,0.0915,0.544420688411919,0.45435639859052107,0.5878766754995964,0.4068374710552597,0.06930748071992628,1.8135000000000001,19.1,0.1105,0.0,0.06593168410164067,0.04063962287433805,0.036974386582577595,0.06635431211942523,0.014519642024673032,0.01371430863388327,0.028111272243587962,0.02744297996351772,0.030085327472563296,0.14584689160031378,5.280550210566679,0.017614288458371995,0.0,0.0
treatment2,35,0.14160985838551587,0.43949999999999995,0.3855,0.05399999999999999,0.5421512030399814,0.45651087215762753,0.5830628930702807,0.4115855891099655,0.0798843556300248,1.7625,18.5,0.10500000000000001,0.05,0.09440841060578145,0.05808115918808421,0.042732337071343836,0.07694153624668537,0.01447397320151862,0.013744454802137911,0.027922959938733588,0.027132962974111496,0.03273494655783409,0.1691114549950012,5.94270893395295,0.020900768054383984,0.22360679774997894,0.05
treatment2,36,0.08656489515152384,0.429,0.373,0.05600000000000001,0.539973291240513,0.4585749895677244,0.5787423472301174,0.4158347101680663,0.06464420063813878,1.7719999999999998,17.95,0.10500000000000001,0.0,0.05586102078214259,0.039722723180090576,0.04835178111344096,0.060471829021976495,0.014503810121893647,0.013814800749290267,0.027773977684666835,0.02713320690069062,0.028766999384190087,0.15448045354126777,6.021671388891082,0.020711044599948422,0.0,0.0
treatment2,37,0.14485118817772885,0.43499999999999994,0.3785,0.05650000000000001,0.5375385342604216,0.4607891435610279,0.5735728949974301,0.42081640069802173,0.08150780931794258,1.7550000000000001,18.05,0.10600000000000001,0.15,0.1149631352550888,0.049577159426918614,0.056314436776671084,0.08374617037591378,0.015342509335587078,0.014833621458528417,0.030440924660767064,0.029859597144282973,0.02569114338196447,0.16138381840229607,6.099827435005199,0.017814837104296845,0.36634754853252327,0.15
treatment2,38,0.14625858080344373,0.41150000000000003,0.3795,0.031999999999999994,0.5348080703298939,0.46340001620751287,0.5676212482808745,0.4267223919747444,0.07720547612551062,1.76525,18.55,0.10625,0.1,0.11660361933804879,0.061067262312271615,0.0565196751955505,0.09506784281155277,0.01596926871781899,0.015398930362879775,0.03130929957484527,0.030577107089514124,0.027242704801200036,0.15250949064514677,6.261620775553411,0.018558229838452855,0.3077935056255462,0.1
treatment2,39,0.16086551510671923,0.422,0.3565,0.06549999999999999,0.5319011660818235,0.46620692120536233,0.5615576216910492,0.4327125697747394,0.08916710748742036,1.7704999999999997,17.85,0.10575000000000001,0.1,0.101907101486768,0.05217379862687685,0.04923359999452663,0.09058145505565696,0.016262071655686605,0.015550446010952767,0.031063412564523676,0.03089056118206073,0.04291846282891196,0.15208117638460822,6.376560696471842,0.02504075625224227,0.3077935056255462,0.1
treatment2,40,0.1528589937642093,0.4175,0.3935,0.024,0.529011707335875,0.4690358215428964,0.5555733526821014,0.43871019631442676,0.08539810225327057,1.75475,17.5,0.10625,0.1,0.0999427129951443,0.06980235254669166,0.05018649430400887,0.09270212624598377,0.01644009715866012,0.015656521624938188,0.031472418467854715,0.031173869370749747,0.02766965757844004,0.17707770372888487,7.119284411112944,0.01883969772916529,0.3077935056255462,0.1
treatment3,1,0.16862299437923156,0.422,0.392,0.029999999999999992,0.5027265210415836,0.4973483932005084,0.5055281068273632,0.494136232197397,0.06355966226349864,0.593,1.0,0.0,0.1,0.09059777073871345,0.04840617620445602,0.04311551192344878,0.0666491204980073,0.002052549847535036,0.0020249787926483838,0.004160521433552175,0.004442197910427966,0.03152722448553939,0.03147262804071935,0.0,0.0,0.30779350562554625,0.1
treatment3,2,0.21082960691277855,0.41950000000000004,0.383,0.0365,0.5059109163533614,0.49413503480435594,0.512614523691872,0.48680897161336284,0.08135167529532476,0.9727499999999999,2.0,0.0,0.15,0.09600976263163923,0.05762629151424036,0.034043316060881214,0.06183807377676841,0.0028387593313474184,0.0026764663008768054,0.00527651066758206,0.005651179494439623,0.050539833688992196,0.06308880541285473,0.0,0.0,0.36634754853252327,0.15
treatment3,3,0.22494614850667696,0.4285,0.3805,0.048,0.5093480998807305,0.49068726515760597,0.5199199857886831,0.479434029185238,0.0805739850267589,1.1952500000000001,3.0,0.0,0.15,0.08458902873226698,0.04625728961045234,0.048717769372494654,0.07633720207770672,0.003170694030960029,0.003020025795808559,0.00607428001728114,0.006011707939345897,0.029155258103914936,0.0827404788607442,0.0,0.0,0.36634754853252327,0.15
treatment3,4,0.21292303544507027,0.4255,0.395,0.0305,0.5125480969029612,0.4875948432406226,0.5260444889667257,0.4733098220122276,0.08033893740940057,1.338,4.0,0.0,0.2,0.11155028165188326,0.05871205381485045,0.05385164807134505,0.0920797709083071,0.0037515901640222233,0.0034729148360794124,0.007587075019056031,0.007093586687031049,0.029455668317333605,0.1108626461698866,0.0,0.0,0.4103913408340616,0.2
treatment3,5,0.23987099042709276,0.445,0.377,0.068,0.515612968176386,0.48454211077937337,0.5324992892380849,0.4669367359222928,0.08161520631420652,1.44975,5.0,0.10875000000000001,0.25,0.10270584326402858,0.049257647015196374,0.04496782475457194,0.07977600219562139,0.004345675445025978,0.00434367251316985,0.009953687105914537,0.008360128054480897,0.031472234928309153,0.09447186994299582,0.0,0.020188258703357363,0.4442616583193193,0.25
treatment3,6,0.2199176647612327,0.4135,0.36550000000000005,0.047999999999999994,0.5187963963792382,0.48140833282169365,0.5390475966928154,0.46009734198431695,0.07797768079527384,1.5682500000000001,6.0,0.10600000000000001,0.25,0.1300642469207564,0.051735664172487636,0.049361715401396056,0.07338435226868693,0.00543325949055538,0.00547903114213517,0.012035173210671008,0.010620516261594808,0.041268837437281804,0.11673491111781516,0.0,0.02055800522782715,0.44426165831931924,0.25
treatment3,7,0.22182399238605804,0.42000000000000004,0.382,0.038,0.5221019769268123,0.4781283679572071,0.5459742044707105,0.4530313269071379,0.0888988445836,1.6355,7.0,0.11074999999999999,0.2,0.09801349425980463,0.05457973404498278,0.055402831012598325,0.07480500968307009,0.006097803590463834,0.006185483929403629,0.01342239720435326,0.011580226088687699,0.026504268056002776,0.15747096641336106,0.0,0.017265344052846382,0.41039134083406165,0.2
treatment3,8,0.2538421370137837,0.44699999999999995,0.3585,0.0885,0.5257308153971888,0.474460706661355,0.5537876441984836,0.4448682916510478,0.07982537878146778,1.6647500000000002,8.0,0.11125,0.3,0.09883756033128646,0.04691537734665413,0.05214100315995383,0.05363374821293419,0.006532689359781181,0.0066240191923193584,0.014192886230452947,0.012710574642532103,0.029818863004881152,0.17456317661975262,0.0,0.01897886636290621,0.47016234598162726,0.3
treatment3,9,0.28168514739150885,0.4575,0.353,0.1045,0.5295023428472962,0.47064517706537234,0.5615776357593077,0.4367848643787874,0.07931034864737953,1.70675,9.0,0.11474999999999999,0.55,0.12607867643394824,0.047225662069416634,0.043419617201153865,0.0735187051028512,0.007411756036655851,0.007545770339054841,0.016604768249734926,0.015266290539390229,0.03235015193895163,0.16265296444302899,0.0,0.019226831580673374,0.5104177855340404,0.55
treatment3,10,0.2470541162423531,0.42699999999999994,0.333,0.094,0.533065771038431,0.4670559430393964,0.5686336843545352,0.42951716970572906,0.06930197588132385,1.7747499999999998,10.0,0.119,0.35,0.12082939059725582,0.048460510239075896,0.04910782979697251,0.07443824710173493,0.00825887677965537,0.008406646771546357,0.017692836618127962,0.01637139724332901,0.02468486467691041,0.1581594382094753,0.0,0.021001253095445215,0.4893604849295929,0.35
treatment3,11,0.32501599923985813,0.4915,0.351,0.1405,0.5374586685103486,0.4626778291889243,0.5785570882861689,0.41915644174258687,0.07728484628946063,1.72275,10.9,0.1135,0.6,0.09527406801894384,0.04392277912787156,0.058029030847090934,0.06581273273063262,0.008988441855489693,0.00899432866640664,0.0182381445097835,0.01813061582112972,0.03136450926165855,0.21307569077677535,0.44721359549995787,0.025807995497111887,0.5026246899500346,0.6
treatment3,12,0.3028185694529247,0.4405,0.3305,0.10999999999999999,0.5414890921903683,0.4586538117764314,0.5864224220041758,0.4111916156350097,0.08133707333522301,1.7830000000000001,11.7,0.11775,0.6,0.11024478080931746,0.05266327992663938,0.04695742752749558,0.07718740011713118,0.00913319999209478,0.009136013000698159,0.018658094239733802,0.01848471322015587,0.02794323580992084,0.2022596038966285,0.6569466853317864,0.02484027925938456,0.5026246899500346,0.6
treatment3,13,0.20750224097000322,0.453,0.392,0.06100000000000001,0.5448317401558196,0.45528480339504657,0.5929783996853263,0.40457784314445144,0.07522031131090332,1.72775,12.55,0.10874999999999999,0.2,0.11191274549974822,0.05639148871948675,0.03914883879436743,0.06995487267178975,0.009111636651462252,0.009447556472276047,0.01988967474236062,0.019239660128154396,0.028221789529353378,0.19814584607250654,0.7591546545162482,0.025745464598030097,0.41039134083406165,0.2
treatment3,14,0.28535121188866214,0.446,0.3255,0.12050000000000001,0.548345451950419,0.45179967549177436,0.6004664628218693,0.396796559788004,0.06997367765860017,1.79875,13.4,0.11499999999999999,0.55,0.1561442354616933,0.0661258767726173,0.05762629151424035,0.0972503551610346,0.009526477048409487,0.009711795389827143,0.019978287008677386,0.020187764432274633,0.03467992701530627,0.21113026036574026,0.9403246919632545,0.028377159087807524,0.5104177855340404,0.55
treatment3,15,0.25437284214271133,0.4585,0.3465,0.11199999999999999,0.5521284787081544,0.44805729160170077,0.6085382153006422,0.38865612820855144,0.05669574591657659,1.7737500000000002,14.1,0.11174999999999999,0.4,0.12057591312704853,0.06037383539249432,0.06482973651683388,0.09725711988549246,0.010070038754886991,0.0101015801888287,0.02105532210632125,0.021331837845218662,0.028483312737995915,0.16252833761014046,1.165287405253359,0.020344079702639992,0.5026246899500345,0.4
treatment3,16,0.3209843349501565,0.47800000000000004,0.3345,0.14350000000000002,0.556302415654311,0.4438251017133257,0.6175932115413679,0.37945904508477246,0.07188727839597431,1.7712499999999998,14.75,0.11100000000000002,0.55,0.1303869474145044,0.049161388357766705,0.04570788254027733,0.06861601777090275,0.010370375209736023,0.010536251006054426,0.021700986427722526,0.021296603363286565,0.033839055557868744,0.1251512243143007,1.5174424466672098,0.015269508660623042,0.5104177855340405,0.55
treatment3,17,0.28583159307165384,0.47400000000000003,0.33199999999999996,0.14200000000000002,0.5601354453463157,0.43997633339287506,0.6250977649964227,0.37181351043994637,0.061066957411323355,1.778,15.25,0.11174999999999999,0.55,0.11018705745830731,0.04816637831516919,0.03901416746718934,0.06653847323956744,0.010735133620177022,0.010886874051894539,0.022938707211668973,0.021917127626993212,0.024196709190864613,0.16801002476356178,1.8317377426626162,0.018797746225489236,0.5104177855340405,0.55
treatment3,18,0.2905293693763668,0.47800000000000004,0.3415,0.1365,0.5639597258341941,0.4361500033713628,0.633155930444126,0.36348841306022367,0.06660304227548604,1.761,15.0,0.11325,0.5,0.12202062406732662,0.06152449234162552,0.04270769682880419,0.08171033562144032,0.01084806184091543,0.011065081394372397,0.023431353736605914,0.02158091692797249,0.03147918224753365,0.1732552118149773,2.675424216239755,0.017112245538456403,0.512989176042577,0.5
treatment3,19,0.3100480429548435,0.4765,0.3265,0.15,0.568176323390823,0.43197144077371463,0.6420960164378101,0.35426451058022723,0.061099262638916726,1.7934999999999999,15.6,0.11299999999999999,0.5,0.10492289966509313,0.050915306353322,0.04625728961045234,0.0611297154030931,0.011425997227904865,0.011537923202072796,0.024356555009182154,0.022787678191369756,0.02270343311444104,0.14096565464493008,3.0157481397002077,0.014903196407411893,0.512989176042577,0.5
treatment3,20,0.3307534662835222,0.46749999999999997,0.32,0.14750000000000002,0.5725151137051612,0.4276607506774718,0.6510467908094005,0.3451143065717072,0.0720199303127175,1.85425,16.4,0.11274999999999999,0.7,0.09418098953081538,0.062565754884046,0.04746189607408631,0.07107260927722918,0.012067987637159706,0.012105041911838862,0.025509078133088434,0.02383437333775591,0.02831171667404465,0.17429765073755746,2.909150717088553,0.015683967677385186,0.47016234598162726,0.7
treatment3,21,0.3128552559929546,0.4845,0.3285,0.156,0.5769675208195538,0.4233423370473086,0.6601100471991435,0.33586148633724355,0.06175572995769002,1.85425,16.85,0.11850000000000001,0.65,0.09949713856100297,0.05195899192733886,0.0447537119895334,0.07646120447307697,0.012405244712921702,0.011974456326848988,0.024548627644270297,0.023389101894307568,0.02900985426746971,0.17674152253919753,3.1834274809261465,0.02084403234046921,0.4893604849295929,0.65
treatment3,22,0.32258169672193343,0.4925,0.3225,0.16999999999999998,0.5812174351278786,0.41918036632727684,0.6684752592029941,0.3272311232340724,0.057861670205264636,1.8607500000000001,17.4,0.11750000000000001,0.55,0.13858412220761548,0.05883742096033066,0.042534815461170036,0.09061195459645197,0.01297973822241701,0.012136514094824552,0.02559138730522328,0.023986287193531138,0.025222511002689782,0.19447144967023333,3.530319800632351,0.023813972015560417,0.5104177855340404,0.55
treatment3,23,0.3360079654065444,0.4965,0.3135,0.183,0.5855995355704188,0.4148710142518259,0.6776997242688594,0.3179072524793031,0.05501813114925665,1.90775,18.4,0.11825000000000001,0.8,0.07132505563140384,0.029428772172466654,0.04487116058930923,0.053910256811423966,0.013093339529414463,0.01231197046126811,0.025384082567073397,0.023560481615552423,0.019851206054282016,0.18477208578194526,3.530319800632351,0.021841233337067084,0.41039134083406165,0.8
treatment3,24,0.35609732415868106,0.48250000000000004,0.30700000000000005,0.1755,0.5899128660708766,0.41061472382584413,0.6864547355620229,0.30893682071205886,0.06616144794586906,1.9929999999999999,18.9,0.13,0.7,0.09666315132064274,0.04575391844019022,0.0495346768489138,0.07639750615935327,0.013402151344912943,0.012452986268569772,0.02603576128496156,0.024191089734822313,0.03522042608183577,0.17003405231708266,3.625930007743204,0.017396309348461488,0.47016234598162726,0.7
treatment3,25,0.30899879402490926,0.4845,0.317,0.1675,0.5940122506406731,0.40657340159255134,0.6945946317986691,0.3005528695811147,0.05257037289007975,2.0142499999999997,19.7,0.13275,0.5,0.1408810783283721,0.05977809843606252,0.058768054336742474,0.10774604645329587,0.014311807362580153,0.013095693554229966,0.02798902611145391,0.026952736325099005,0.023696901588689676,0.1646229743511231,3.64330676865486,0.019226831580673363,0.512989176042577,0.5
treatment3,26,0.3664354767260691,0.49850000000000005,0.304,0.1945,0.5984439929004111,0.4022202370405584,0.7040597728964226,0.290898815197549,0.06238167061556356,2.0134999999999996,20.1,0.1315,0.75,0.09978486984986512,0.03375998877525383,0.039920974568844324,0.05083254241547487,0.014947727668559696,0.013402958486390807,0.028373180904006774,0.02743021480582283,0.02804046310611798,0.1674428417793901,3.79611990271507,0.02146600739970547,0.44426165831931924,0.75
treatment3,27,0.3576700596421012,0.5015000000000001,0.2955,0.20600000000000002,0.6031678401922577,0.3975939518996833,0.7138205535123385,0.2808553870743559,0.04949709073128483,2.04425,20.4,0.13325,0.8,0.0978848646350899,0.05173566417248765,0.04582288557157069,0.08041995039200556,0.015551596990584395,0.013779703769741932,0.028945427355626965,0.028335695935463156,0.021052553365804687,0.19022337976843526,4.018378829957752,0.026070501579976913,0.41039134083406165,0.8
treatment3,28,0.3629770340471071,0.49000000000000005,0.3005,0.1895,0.6075726935364675,0.3932835014676882,0.722402961451318,0.2721327907500539,0.05984011131883303,2.09025,21.1,0.1345,0.85,0.07261747924566944,0.03838859479749575,0.051142216570945316,0.061428178001887546,0.01568896974553744,0.013963339473693819,0.029206944212152464,0.028553785347362814,0.027179362620856514,0.25389323802691066,3.8784153030790676,0.02548993609457001,0.36634754853252327,0.85
treatment3,29,0.3825257160655121,0.5135,0.2955,0.21800000000000003,0.612446827295579,0.3885238608414857,0.7327319603576172,0.2615729567186029,0.05693553277778355,2.08625,21.1,0.13874999999999998,0.8,0.14479498364541457,0.06243101455965112,0.05124502543251342,0.10278234540190155,0.016078497344909865,0.013880439692432316,0.02924915989054975,0.02875082628193523,0.030705165718939383,0.25511027027542427,4.302997731080533,0.026649528484028615,0.41039134083406165,0.8
treatment3,30,0.3987702984490771,0.5195000000000001,0.286,0.23349999999999999,0.6171649466304574,0.3839535888831309,0.7416223339286419,0.2525872868964217,0.05310059145115927,2.1405000000000003,21.9,0.142,0.9,0.07881141006100784,0.04186129980127985,0.04956654219595269,0.06792216908073224,0.01662703887827623,0.014202626070237295,0.030036221173724724,0.02916229032014457,0.01898778429117414,0.24869607323418935,4.447352849552311,0.024836306192007655,0.3077935056255463,0.9
treatment3,31,0.40608559925808957,0.505,0.279,0.22600000000000003,0.62205689052764,0.379208230063036,0.751312970161811,0.24282411466221882,0.05947995731923163,2.22275,22.45,0.15325,0.9,0.08349014653728305,0.05196152422706632,0.03177221560122187,0.06167828245270609,0.016835883231461322,0.014184107581947627,0.029801385825095988,0.028262365499941464,0.02803364531334204,0.23557027669712044,5.031218331054303,0.023801536880939788,0.3077935056255462,0.9
treatment3,32,0.4510513568462312,0.534,0.275,0.259,0.6271646029780539,0.3742697634959765,0.7606430336068769,0.23335661330839122,0.06482783924256923,2.26175,23.4,0.15175,0.9,0.1135047371010534,0.04134578193976415,0.05472418882089768,0.07426127417507232,0.017453936833193368,0.014632156330275675,0.02995368551122147,0.028512937167907065,0.02764700814717265,0.30256915260029926,5.0408854694179945,0.026963669514445,0.3077935056255462,0.9
treatment3,33,0.4328838162558036,0.5349999999999999,0.271,0.264,0.6321721191725471,0.3694736086450064,0.7690487615335204,0.22497496625224925,0.05354731476933716,2.306,24.4,0.1505,0.95,0.0745852431224209,0.06549407365716782,0.04621460238587161,0.05632611808874608,0.01809399418359759,0.015019190861219433,0.029405864916566108,0.027868820427420584,0.025946923128690957,0.3289480842097475,5.0408854694179945,0.024489525150669277,0.22360679774997894,0.95
treatment3,34,0.4373654863293699,0.515,0.261,0.254,0.6371644241340694,0.36464258224526486,0.7773355424499603,0.21677727424191703,0.05458410778584698,2.378,25.3,0.155,0.95,0.11010288235875387,0.04839530207734935,0.0448271534252458,0.0768731011746666,0.018804795058977294,0.015523788846126941,0.028858403590153407,0.028287567053161673,0.02673570237399699,0.30632971572611445,5.110360992501822,0.02265298864911299,0.22360679774997894,0.95
treatment3,35,0.375584033357734,0.5325,0.2855,0.24699999999999997,0.6415821172765541,0.3603390725972862,0.7838953448174935,0.21027729196015912,0.042168002228363546,2.37425,26.2,0.15925,0.65,0.11849167801073195,0.059813306035926224,0.0513476284493103,0.08429896671652437,0.019332233883511664,0.015712409883215407,0.028494857460664148,0.02881522498322826,0.028849096851202762,0.307366894597868,5.217379862687683,0.02488261917166489,0.48936048492959294,0.65
treatment3,36,0.4064588552200572,0.5425,0.27949999999999997,0.263,0.6460202464866659,0.35603189248081335,0.7906362068503906,0.20350179781188774,0.04224241017779899,2.3855,26.65,0.15875,0.9,0.10646059954738507,0.05014452795879652,0.05266327992663938,0.08176345857346506,0.019869261367897375,0.01596784151860855,0.028516249542029897,0.028566734683522273,0.020601184596231777,0.2554814855790614,5.153179907386773,0.024967083593361368,0.30779350562554625,0.9
treatment3,37,0.46268349401022835,0.5155000000000001,0.25,0.2655,0.6504853780384371,0.3517593587393862,0.7970716962419061,0.1970834945653998,0.0565321392090735,2.4899999999999998,27.65,0.15925,1.0,0.09281853275924021,0.03845366316134674,0.044366891401489694,0.059069539750329796,0.020071934166037624,0.015934755931090814,0.02727932187278629,0.027738741388711352,0.03295515878659772,0.24658189629197705,5.153179907386773,0.022435580294654624,0.0,1.0
treatment3,38,0.4532130006779128,0.564,0.262,0.302,0.6551767327637054,0.34730178192937655,0.8036684365133313,0.19032038284637576,0.044407507915692944,2.5225,28.65,0.1635,0.95,0.08301810529376692,0.06327883158146796,0.03205258836744127,0.06598245380801107,0.02031144970803692,0.015912032909328036,0.026129897796445138,0.026999177683846434,0.025318877720256712,0.306252819535893,5.153179907386773,0.025807995497111883,0.22360679774997896,0.95
treatment3,39,0.4638388243396676,0.5495,0.255,0.29450000000000004,0.6598485420949393,0.3428530309051852,0.8097513689219221,0.18414280557150314,0.04828059204519934,2.6035,29.65,0.16699999999999998,1.0,0.11509894967921835,0.06056531924077375,0.05375382483331327,0.0914488640544108,0.020483131181605413,0.016066885271234444,0.025748646340416233,0.026609231782120928,0.02144008690408042,0.32281288371862854,5.153179907386773,0.022849622823099176,0.0,1.0
treatment3,40,0.45645051352790456,0.5465,0.2555,0.29100000000000004,0.6641428582527307,0.3386376873783567,0.8151283941359381,0.17857819929243962,0.0474656657218769,2.66275,30.3,0.1695,0.95,0.09945359196200874,0.04965936600057382,0.04346504948019488,0.07232237769729002,0.020302495709396774,0.01612385118427584,0.025184312601654935,0.02609483745028933,0.025691604595820944,0.3412418304400931,4.70274276073912,0.023446467582671448,0.22360679774997894,0.95
favor_b_control,1,0.17492342023856206,0.40149999999999997,0.40700000000000003,-0.0055,0.4986241754259052,0.5012733250348894,0.49723430558882403,0.5026133585068878,0.06623997227623851,0.59575,1.0,0.0,0.1,0.1022407577858662,0.04987088592714083,0.0462373738099614,0.0770150361259,0.0025719967953646504,0.0024877447067232824,0.005184481965528596,0.005475594237292146,0.024164457493193212,0.0288040110510946,0.0,0.0,0.30779350562554625,0.1
favor_b_control,2,0.1859000817306446,0.40549999999999997,0.3995,0.005999999999999997,0.49873909348030676,0.5010274527465943,0.4989150884381329,0.5008251259547418,0.07652140997480873,0.9682499999999999,2.0,0.0,0.2,0.10430505190619806,0.048717769372494654,0.06336818062552745,0.08543387717071636,0.0038439030337325385,0.0035811755799257804,0.007299584921457354,0.007407527414570735,0.04466778618788721,0.05887710215265981,0.0,0.0,0.41039134083406165,0.2
favor_b_control,3,0.1752832677373048,0.42000000000000004,0.392,0.028000000000000008,0.4989654407514478,0.5006608854332845,0.49931349529711333,0.5004268439194661,0.061212873697090976,1.1949999999999998,3.0,0.0,0.1,0.09319325938550313,0.06266032069399011,0.05166694963137001,0.09305346510700743,0.004984617134863489,0.004502464069467396,0.009501254006262462,0.00949889177100583,0.025784257114426917,0.09160843445424607,0.0,0.0,0.3077935056255462,0.1
favor_b_control,4,0.19603885962742212,0.414,0.403,0.010999999999999996,0.49907521613168376,0.5004521507394051,0.49922931617095595,0.5001757798175459,0.0804615349410358,1.35125,4.0,0.0,0.25,0.1093159112374375,0.05285531392893544,0.03812721089361658,0.0712962684488946,0.0051552715730608595,0.004726484231440554,0.009368522609610082,0.0096444413038579,0.027755667187377313,0.08801726804260748,0.0,0.0,0.44426165831931924,0.25
favor_b_control,5,0.19697409303375657,0.4165,0.3975,0.019000000000000003,0.49872626999872216,0.5007135602100264,0.49823225125348414,0.5013155110687968,0.0725653786811604,1.459,5.0,0.10375000000000001,0.1,0.1260519288299297,0.06531502607806985,0.06222835704927965,0.11238561436318029,0.005484184039729417,0.005286298192339704,0.010749509323693701,0.010992575204899676,0.031184732194262463,0.10444842595372383,0.0,0.01761242085634603,0.30779350562554625,0.1
favor_b_control,6,0.1700350113880384,0.39249999999999996,0.40700000000000003,-0.014499999999999996,0.4976919501457515,0.5017471180863544,0.49527766962198905,0.5040734641122282,0.07000724555588528,1.5467499999999998,6.0,0.10900000000000001,0.05,0.08652961010417552,0.053985865596566346,0.04736198786724267,0.06533114031407107,0.005830764187495993,0.005699989319548261,0.011211964002781506,0.011613709425849932,0.034201842758322366,0.15655228654048023,0.0,0.025833474815685008,0.22360679774997896,0.05
favor_b_control,7,0.18504951026747785,0.40449999999999997,0.40650000000000003,-0.0020000000000000018,0.4977628407173008,0.5016578903271605,0.4966657891956136,0.5024607512866839,0.08319505170006641,1.5655,7.0,0.10175000000000001,0.05,0.08408771590408318,0.045244947377114875,0.049765238343329785,0.06993229808743219,0.006066304901613455,0.005923606020799004,0.011565354096384484,0.01191661372322695,0.028771523949212893,0.1782879102669848,0.0,0.02749521489469146,0.22360679774997894,0.05
favor_b_control,8,0.18780595172911602,0.41100000000000003,0.396,0.014999999999999996,0.49846868706438024,0.5009026249624072,0.49850725412207453,0.5004623648435145,0.07737065982206257,1.6162500000000002,8.0,0.10124999999999999,0.1,0.0870006809858048,0.05437685266051316,0.05557356433261753,0.07667429405231621,0.006083505928672944,0.005917821251001958,0.011953173021828726,0.011763016957891462,0.03048013952244638,0.1840686013419996,0.0,0.022057043271815402,0.30779350562554625,0.1
favor_b_control,9,0.20603862076358098,0.40149999999999997,0.40099999999999997,0.0005000000000000004,0.4984823669274805,0.50080099451781,0.49779200263196915,0.5011782840264715,0.07896467494217847,1.6647500000000002,9.0,0.10925,0.25,0.10688162651062182,0.04826189517948699,0.06239939270959547,0.08846497969015168,0.006774423818942829,0.006664026134875666,0.013965251282901416,0.013899464356492586,0.029089503675581448,0.17675790014355203,0.0,0.02450966511828602,0.4442616583193193,0.25
favor_b_control,10,0.15352820387409083,0.395,0.392,0.0030000000000000027,0.49844258322160756,0.5007569259607951,0.4980011907038966,0.5009170858293382,0.05125738346893709,1.68775,10.0,0.1105,0.05,0.08021389554113167,0.06160143538997501,0.03874342049405225,0.06759788224649148,0.0077529280721033034,0.007687854125743995,0.016239866563218602,0.016245850601163094,0.0269056066723655,0.14020168742884206,0.0,0.02151498865540266,0.22360679774997896,0.05
favor_b_control,11,0.16616226218030877,0.4285,0.40449999999999997,0.024000000000000007,0.4986654713205908,0.5005327363788966,0.4984214437723975,0.5002445403088057,0.06654763864291184,1.6920000000000002,11.0,0.10925,0.05,0.07367586512329195,0.05584518072785078,0.05394685493978993,0.08875750524232927,0.007550279966404559,0.007625223421615489,0.01485458730225804,0.014897546398585076,0.03319105291987058,0.13986271464321154,0.0,0.01734138645583237,0.22360679774997894,0.05
favor_b_control,12,0.1602814444152167,0.40750000000000003,0.3755,0.032,0.49896456391308863,0.5002407018663243,0.49885036907678415,0.4995346596052331,0.06971651019827448,1.7262499999999998,11.75,0.10500000000000001,0.15,0.11317915717010131,0.044352060416150835,0.05165421468512362,0.07550531525382136,0.007344594445612583,0.007687774442903713,0.015411145314592586,0.0155429540549769,0.026704199367966114,0.15905043059886448,0.7863975156570492,0.02152110347395881,0.3663475485325232,0.15
favor_b_control,13,0.20182769200507406,0.42300000000000004,0.417,0.006,0.49906403789144893,0.5000850191038335,0.4990638297009503,0.49937644327556996,0.07397737313003526,1.6940000000000002,12.65,0.1055,0.05,0.07436764908124668,0.0575920316125691,0.04835178111344094,0.08970125857240625,0.007482948914526451,0.00796713216056685,0.015760052967820078,0.016099239469752096,0.0328681805179611,0.17945531623865535,0.8127277008872492,0.026945363823465948,0.22360679774997896,0.05
favor_b_control,14,0.19369321981924884,0.39449999999999996,0.39649999999999996,-0.0019999999999999935,0.49879799162764743,0.5002293142452452,0.4983710050080402,0.49989053958259594,0.06874408696623366,1.7107500000000002,13.5,0.10800000000000001,0.2,0.11036740321503373,0.04465953072089458,0.0622621791087368,0.0795778334647744,0.00835510407138962,0.00894101842058179,0.018365390354370615,0.01869546474264558,0.038078355623629954,0.16818907749754045,1.0000000000000002,0.02358634752295667,0.41039134083406165,0.2
favor_b_control,15,0.18068388504575392,0.41500000000000004,0.40700000000000003,0.00799999999999999,0.49859801896862155,0.5003700271877516,0.49806691071786435,0.5000534967413431,0.0790448204607528,1.70825,14.2,0.1055,0.15,0.09321655531363042,0.04594046490610944,0.05048188836237783,0.0749455943018878,0.009140019047379155,0.00970686898347608,0.019658381925970046,0.020006792742376583,0.029515909796834394,0.14688229265209898,1.5761378513048248,0.01877147892555702,0.3663475485325232,0.15
favor_b_control,16,0.15386238290736867,0.40599999999999997,0.402,0.003999999999999992,0.4984986074778501,0.5003474736240994,0.49807051139567793,0.5000522624350661,0.07602265601684594,1.6732500000000001,13.9,0.10200000000000001,0.05,0.10045773500844977,0.04672427521895704,0.06262671365446133,0.08165395533011632,0.01003014652190217,0.010531471985960507,0.021302618436650756,0.02171326538228842,0.027629249621542857,0.1534795974783139,2.125038699338017,0.018736398575471953,0.22360679774997896,0.05
favor_b_control,17,0.18668246395162943,0.4095,0.3895,0.019999999999999997,0.49858228090821743,0.5001393547804792,0.4985429631988282,0.4995982414999145,0.07431224131227065,1.70125,14.6,0.099,0.15,0.12196887895419425,0.06345118305893867,0.047625181309228014,0.08920703300100337,0.0100455486592246,0.010516670037785716,0.020816441431179715,0.021006775282631923,0.03145485457541683,0.1526853920562423,2.1860803664140644,0.01810786395028705,0.36634754853252327,0.15
favor_b_control,18,0.1683333529123933,0.398,0.4165,-0.018499999999999992,0.4982450906684077,0.5003834062177835,0.49738988714265425,0.5004345471997669,0.06254604602233463,1.71825,15.55,0.10500000000000001,0.15,0.11143075530248336,0.05559250233430292,0.03923948065539685,0.07929126851777499,0.010291222396190562,0.010796022158070065,0.02168769278288339,0.021868933904138087,0.04015940654200912,0.17494566825762017,2.282081229238369,0.019934101962532244,0.3663475485325232,0.15
favor_b_control,19,0.17007467413458685,0.426,0.38449999999999995,0.0415,0.49890714400266367,0.49963602235120846,0.5001479447575004,0.4977846121147871,0.056656545386989596,1.71825,15.4,0.10500000000000001,0.05,0.0858110877830947,0.05669864938519491,0.04706937768644782,0.06768930569346354,0.010605486038312137,0.011070494792022769,0.022247801778599623,0.022109415227331338,0.027314442451584844,0.19191058087721893,2.458069417888334,0.027047716121114944,0.22360679774997896,0.05
favor_b_control,20,0.18727106273152364,0.39649999999999996,0.39,0.0064999999999999945,0.4990233537951485,0.49937337806521603,0.4996489615940215,0.49824346016940424,0.06875536958119713,1.7412500000000002,15.45,0.10575000000000001,0.15,0.09478307810879316,0.05029125695700783,0.04994734069102441,0.07875845819238785,0.010894268936133449,0.011130507249458197,0.02254955451021117,0.022339564570853763,0.027417838712227593,0.15108271523276667,2.8741131355236305,0.020473024613918315,0.36634754853252327,0.15
favor_b_control,21,0.2186977293287135,0.40049999999999997,0.393,0.0075000000000000015,0.49885724220815114,0.4994924716975132,0.49910295156828904,0.49855033298893225,0.08585007250869019,1.7405000000000002,15.45,0.1065,0.15,0.10374591657536102,0.050312183310543025,0.05858866425297106,0.08194189212002934,0.01079681822183303,0.010966800846273566,0.022013480606013814,0.022092763383962807,0.031580479775528976,0.16369821398890672,2.8557421378504637,0.02596049630536852,0.36634754853252327,0.15
favor_b_control,22,0.19942858539135352,0.41050000000000003,0.409,0.001500000000000007,0.4989271742128416,0.4993598412123075,0.4995090785690729,0.49803527641175566,0.07536168128547674,1.73,16.05,0.10600000000000001,0.2,0.08731833234703568,0.06065215750924542,0.05118593556827892,0.0766588478087717,0.011186870694133825,0.011396951764702255,0.02367608984421197,0.02361395429801901,0.032068905701304225,0.1757540147029664,3.1867323637065503,0.024257391711220294,0.41039134083406165,0.2
favor_b_control,23,0.1288202876230204,0.3975,0.39849999999999997,-0.0010000000000000009,0.4993008502828302,0.4989652577800306,0.500356676354105,0.4969420706668924,0.07088830380071645,1.71475,16.2,0.10500000000000001,0.1,0.09485354128357225,0.058658243015659875,0.03937338133682115,0.0715909432672509,0.010876411870481863,0.011050620380528911,0.022152640538647555,0.022398180551824933,0.041218286306840164,0.1589643703873028,3.518372829650242,0.02058359080739597,0.30779350562554625,0.1
favor_b_control,24,0.16392435454856652,0.4175,0.4165,0.0010000000000000037,0.49935069178074754,0.4988470226940576,0.5000535160442394,0.49696991117290557,0.07351978931375186,1.6765,15.85,0.1035,0.1,0.09298214348894827,0.05250313273861305,0.03717313687682487,0.07656438638922076,0.010977197597169114,0.01108517971453165,0.022983192197152585,0.02332393522500059,0.024249038930818208,0.1356960613010989,3.7595492450978467,0.023175531561495943,0.3077935056255462,0.1
favor_b_control,25,0.2222651201423039,0.4165,0.379,0.0375,0.4997524950981319,0.4983390941612166,0.5014855236701055,0.495362953736546,0.07957002030767098,1.70825,15.9,0.09925,0.2,0.09998304313451015,0.06376560696471843,0.05035662293764555,0.07986007499963525,0.012136735074217428,0.012174765809872569,0.026348593744696377,0.02699484910036415,0.0312967373326045,0.1263586687089364,3.4777488181444713,0.012698425099200295,0.4103913408340617,0.2
favor_b_control,26,0.18358458725759916,0.4085,0.3995,0.008999999999999998,0.5001524398488997,0.49781744504112935,0.502111039170525,0.4944203486922418,0.06366555264809354,1.6957499999999999,16.0,0.10024999999999999,0.1,0.07724889282216439,0.04498830257323622,0.05642647754752243,0.08459812116863565,0.01268853942330558,0.012730068000262098,0.026383587868086034,0.027410147090925825,0.02627555650377558,0.19206821019736997,4.192725529821986,0.024250610410114587,0.30779350562554625,0.1
favor_b_control,27,0.18290517025130276,0.4,0.381,0.019000000000000006,0.5005427931718384,0.49738913459377426,0.5027646384778742,0.4936717022181,0.07112266152027405,1.738,16.25,0.1055,0.15,0.1095002503019472,0.044721359549995794,0.05693024355805047,0.0855877512141471,0.012423638561009545,0.012589655845835978,0.025430622678370363,0.026273354430013388,0.03522666844094168,0.16803351795964622,4.253481546117003,0.025230516193063136,0.3663475485325232,0.15
favor_b_control,28,0.2200667752264359,0.41200000000000003,0.371,0.041,0.5005959088376972,0.49730804436928067,0.502486639882908,0.49383787406888313,0.08356816990111819,1.7567499999999998,16.65,0.1095,0.3,0.14909154892837628,0.07810923525153057,0.05139117270095077,0.11331836846504166,0.013396894416568725,0.013684533155268012,0.028932220762638922,0.03017086974881893,0.033074066666102214,0.16954486287208997,4.196176204217609,0.020577197394970454,0.4701623459816272,0.3
favor_b_control,29,0.18963964573640027,0.426,0.381,0.045,0.5008399225654054,0.49702061609860293,0.5032662493476783,0.49273015804717746,0.06873586278159696,1.7712499999999998,16.65,0.11100000000000002,0.05,0.10003937966001593,0.06668070027731923,0.055715442440276715,0.09832812950845542,0.014328710130697768,0.014686182738891636,0.030323238438242042,0.03156109080994792,0.04652304716394493,0.14676220472874507,4.132986686086518,0.016591056563544617,0.22360679774997896,0.05
favor_b_control,30,0.2450120694927044,0.418,0.392,0.026000000000000002,0.5009704082549999,0.4968527214712951,0.5032275705109764,0.4924567462193343,0.08251353781221314,1.733,16.55,0.10475000000000001,0.25,0.10284626096773183,0.05337060101433728,0.06653847323956742,0.09477952254963538,0.015625482834032287,0.01603176016279545,0.03347620050189495,0.03478778010311082,0.02731054600083171,0.12518827925631815,4.501169438689181,0.01681751906103933,0.4442616583193193,0.25
favor_b_control,31,0.18225270976562494,0.40199999999999997,0.3915,0.0105,0.5012296869172383,0.4965930526501155,0.503679095518973,0.49182536357977985,0.07980478868487309,1.7550000000000001,16.6,0.10874999999999999,0.15,0.10929483669568767,0.0558758021254093,0.05008151250448456,0.0912760417057712,0.015761376643693346,0.016166578499209532,0.032270771105365546,0.03324521454906351,0.03219947501635549,0.1331303279141395,4.535242116208526,0.015378984293337998,0.36634754853252327,0.15
favor_b_control,32,0.18277779888916984,0.41600000000000004,0.39249999999999996,0.023500000000000007,0.5014996844602782,0.49631090773647824,0.5042283399694867,0.49097102349980243,0.07096550929003892,1.73425,16.95,0.1085,0.15,0.09936596962174817,0.05743646375275077,0.05437443284640698,0.08355741801457942,0.0155251213992706,0.015903153602227937,0.03163760853068298,0.03254362076519287,0.0337657479033196,0.15695519809973268,4.454152409180733,0.01913250196861214,0.36634754853252327,0.15
favor_b_control,33,0.1636256206691734,0.4025,0.40099999999999997,0.0015000000000000013,0.5016852443324612,0.49607687399336664,0.504462174448878,0.4904893522367753,0.06600925393223951,1.76175,17.1,0.10525,0.0,0.06687022224488823,0.04494148241997879,0.04204008112566663,0.06166761497611291,0.015397484353543064,0.015706183378313383,0.03143803691967131,0.032295842975017766,0.026440858877563995,0.14667611113929688,4.564162458476738,0.01743219948679364,0.0,0.0
favor_b_control,34,0.20800399800559286,0.4095,0.3865,0.023,0.5015669173551849,0.4962079326441284,0.5036963279327786,0.49105995968162414,0.06400114511651932,1.786,16.7,0.11125,0.25,0.1021579820168264,0.06151379819537281,0.06063479980480202,0.1026542485084865,0.015981534907766524,0.016278725948426397,0.033611692208784565,0.034439652996162716,0.029381101437188705,0.16334174700850193,3.908156113888788,0.020122977178497117,0.4442616583193193,0.25
favor_b_control,35,0.18013327250530983,0.40700000000000003,0.421,-0.013999999999999995,0.5013580007132704,0.49631981658556457,0.5033423957937461,0.49121915127672855,0.07947503211189608,1.7252500000000002,14.85,0.11225,0.05,0.10029717723634116,0.06457146184043323,0.04919349550499537,0.0929855676407564,0.016613584207022775,0.016900681156833394,0.034829175228572797,0.0358596588428805,0.028948169557616397,0.1834069031014459,2.5603248149199227,0.02291144278578535,0.22360679774997896,0.05
favor_b_control,36,0.18327089863899074,0.421,0.377,0.044000000000000004,0.5017939370017547,0.49584165112977185,0.504694559759558,0.4898387985269778,0.062214782689507565,1.75175,15.5,0.10825,0.1,0.11047088872324176,0.056930243558050465,0.051615990994223766,0.077690343503451,0.017038537637114437,0.01734235455492747,0.03554156832613564,0.03620085328088784,0.02278035400007417,0.1584486883571627,3.017492859626139,0.018797746225489236,0.30779350562554625,0.1
favor_b_control,37,0.20781500900764455,0.393,0.418,-0.025,0.5020820011066929,0.4954268675294967,0.5051573695097483,0.4893342292793405,0.0773312145490721,1.765,15.9,0.11100000000000002,0.2,0.1284633945762406,0.05639148871948674,0.0696306042816776,0.09248043889897674,0.017737005566334015,0.01796620801205053,0.03708859050050846,0.03777134582249066,0.02989124369993756,0.179831792751478,2.8818853478052766,0.020300375936368638,0.41039134083406165,0.2
favor_b_control,38,0.18000342285123597,0.395,0.398,-0.0030000000000000053,0.5020177513114945,0.4953500692954849,0.5047938543380889,0.48953479949509304,0.06618572871211206,1.7725000000000002,16.3,0.10800000000000001,0.05,0.0732876725178807,0.05670793131197972,0.04595191995301634,0.07540068406781689,0.017818228823785465,0.018001651276062285,0.036353336004055624,0.036744439394671806,0.03300378406121548,0.17967441313899457,3.197038102928858,0.021968877507678182,0.22360679774997896,0.05
favor_b_control,39,0.18787841816210094,0.387,0.4035,-0.016500000000000008,0.5017817243351088,0.49546518952204444,0.5043004191408675,0.4899756337446585,0.0720055375921984,1.79225,16.6,0.11000000000000001,0.1,0.1066268896807023,0.05262578915522813,0.046710192734168404,0.07652141083245573,0.01830256403420668,0.018391216066551218,0.03774239839406857,0.03777850707885065,0.03354706256706105,0.1600614602352221,3.803045870711638,0.020131148946216083,0.3077935056255462,0.1
favor_b_control,40,0.1837867584676179,0.39,0.421,-0.030999999999999993,0.5007670192654133,0.49641952792085065,0.5013665906886285,0.4927530251115228,0.06716436634176307,1.75075,16.3,0.10974999999999999,0.15,0.10543538750240633,0.04963021151211066,0.05004208754953963,0.07608167356618528,0.01787911993860078,0.017877494991463,0.035639185219917886,0.03571625727611732,0.03986019479076084,0.19541639079021414,3.628831912975796,0.025312520305384965,0.36634754853252327,0.15
favor_b_treatment1,1,0.21475264398267932,0.3805,0.425,-0.0445,0.49586699200298157,0.5039647539586273,0.49148578176005053,0.5084396833997182,0.0797957429731367,0.5972500000000001,1.0,0.0,0.15,0.10676890541943997,0.04828370107472794,0.050731491309898596,0.08382155230952804,0.001560131751050195,0.0015335647094695897,0.0031823807450030426,0.0031335161778257,0.022695661472637855,0.026381562541010782,0.0,0.0,0.36634754853252327,0.15
favor_b_treatment1,2,0.14981774466187797,0.403,0.40800000000000003,-0.005000000000000002,0.49285313349676246,0.5068130231457939,0.4863807115496071,0.5134954163506974,0.06798602243432969,0.95525,2.0,0.0,0.15,0.10512228037121404,0.05037752213876844,0.06477491392263066,0.07870665055829312,0.0027996100799930496,0.0027343217725787814,0.0058233701494160486,0.005892111352757096,0.02197068261537992,0.06796816205129852,0.0,0.0,0.36634754853252327,0.15
favor_b_treatment1,3,0.17611974565159838,0.3865,0.4165,-0.029999999999999992,0.48992273721031115,0.5096038631219075,0.4802482837531265,0.5195429581126655,0.06363922769804531,1.20575,3.0,0.0,0.1,0.09036944442120314,0.049659366000573815,0.04368246667413417,0.07553319242488522,0.0036661857699791605,0.0034923490306855457,0.007425349650677911,0.007200420484289328,0.0292774507633375,0.0933058778539984,0.0,0.0,0.3077935056255462,0.1
favor_b_treatment1,4,0.18801661030613664,0.386,0.41550000000000004,-0.029500000000000005,0.4869410477251573,0.5124441259065861,0.4741465441042304,0.5256290476478924,0.06984422835891306,1.366,4.0,0.0,0.1,0.07809959431100534,0.05807436249281923,0.0468452098320685,0.07430201527337069,0.003977780406884644,0.0037943404600706532,0.00736864517011214,0.007556373009434308,0.027006028481590047,0.1111258177401681,0.0,0.0,0.30779350562554625,0.1
favor_b_treatment1,5,0.2202687129890542,0.3765,0.4405,-0.064,0.48385854928542615,0.5154542111406285,0.467686529643277,0.5320883217192648,0.07315555769665628,1.4245,5.0,0.10024999999999999,0.2,0.0896376188597042,0.03856300381399113,0.053751376971346417,0.07315448685739256,0.004830610968511542,0.004853445809998923,0.01026924407983113,0.01042540539476482,0.026244260942517965,0.09306053491085652,0.0,0.018171333699567915,0.41039134083406165,0.2
favor_b_treatment1,6,0.17647244355327318,0.381,0.403,-0.022000000000000002,0.4805791338562863,0.5186315538765534,0.46062891434165004,0.539125152417761,0.07330540197215099,1.5242499999999999,6.0,0.09875,0.1,0.09986406605038871,0.04833000593507319,0.057225316443906764,0.07529590748646653,0.0050795031501328575,0.005335838682572345,0.010511148616748149,0.010709014794136074,0.030732989577409456,0.15295574695419517,0.0,0.025745464598030104,0.3077935056255462,0.1
favor_b_treatment1,7,0.25512555215786686,0.356,0.4385,-0.0825,0.4769708471208857,0.5221425195423534,0.45285686930811064,0.5469191500042468,0.06698489823475365,1.6147500000000001,7.0,0.1035,0.3,0.11228538751775216,0.057710712314001766,0.05842449017861927,0.09834819988719994,0.00515721900725809,0.005528702743275094,0.010743361957893638,0.01079990433743584,0.026899873145835567,0.16986430342761064,0.0,0.02471415533017891,0.4701623459816272,0.3
favor_b_treatment1,8,0.1529909198186645,0.3935,0.42800000000000005,-0.0345,0.4738786490730288,0.5250981554721034,0.44721317262921445,0.5525002925281629,0.06306074467848738,1.60825,8.0,0.10300000000000001,0.1,0.08446787068669254,0.04804329188072819,0.04990517323674445,0.0675492023405318,0.005399049160038861,0.005972124750388154,0.011582668897597037,0.011412398907853056,0.029790463558250588,0.14529710940001522,0.0,0.020545200489600842,0.3077935056255462,0.1
favor_b_treatment1,9,0.1935425702792171,0.38449999999999995,0.43100000000000005,-0.04650000000000001,0.4705612556329604,0.5282635576411028,0.4400128002854098,0.5596054064553092,0.06568168615426968,1.6375,9.0,0.10375000000000001,0.3,0.10749870540684973,0.057717551831948696,0.03864821096152207,0.08158140913093787,0.005944788342193364,0.006500322570784878,0.012618551639386405,0.012681191456155302,0.027809332299203664,0.13436497820645468,0.0,0.020955780511403177,0.4701623459816272,0.3
favor_b_treatment1,10,0.2363925904767144,0.34900000000000003,0.4245,-0.0755,0.46738705130493885,0.5312810295897211,0.43376779245577435,0.5658595827201004,0.0644639143165146,1.6969999999999998,9.9,0.10900000000000001,0.25,0.12414782824100576,0.05646610534321964,0.06565259444907519,0.09087151137153697,0.006836420673932239,0.007429200209811372,0.014957496353437832,0.01540065470096014,0.027781545825316556,0.1380446152136102,0.447213595499958,0.018107863950287045,0.44426165831931924,0.25
favor_b_treatment1,11,0.1953573232772135,0.3895,0.4465,-0.05700000000000001,0.4647838755231185,0.5338129638941027,0.4288441969182655,0.5707424397317409,0.06824238828990586,1.668,10.85,0.10900000000000001,0.15,0.10158057228196174,0.05031218331054302,0.039373381336821146,0.07204530738215692,0.007459111078291111,0.008331571995524433,0.016778485486076813,0.01735137294422962,0.02894555041269612,0.1868604883469568,0.489360484929593,0.021980852911951395,0.3663475485325232,0.15
favor_b_treatment1,12,0.2482944403969817,0.35100000000000003,0.4465,-0.0955,0.4614006122572114,0.5371557001010825,0.42066588139524974,0.5789153694098139,0.06330449097913385,1.7252500000000002,11.75,0.10775000000000001,0.45,0.12254164740693754,0.06051533081094321,0.05499042978938293,0.09236512214831791,0.007841008929681053,0.008973626665738633,0.017446448035979355,0.018220907692842268,0.02023649793087314,0.21580007194769785,0.6386663736585051,0.025051263231096434,0.5104177855340404,0.45
favor_b_treatment1,13,0.2504671149531147,0.369,0.45949999999999996,-0.0905,0.45742436250489255,0.5410444514104659,0.4121622994242407,0.5873143731764531,0.06977264610472231,1.7345,12.7,0.11074999999999999,0.3,0.09426920178718678,0.04140938108816967,0.050935976325290226,0.0722186008988645,0.008626420891636823,0.009679752434353676,0.01912264257290801,0.019529350382543578,0.023041977352080734,0.1976633235420376,0.6569466853317864,0.021537910273454305,0.47016234598162726,0.3
favor_b_treatment1,14,0.28718468302674044,0.3365,0.4585,-0.122,0.453217731094136,0.5450483699137871,0.40349650706753754,0.5957889585883996,0.06775653236583662,1.778,13.6,0.11625,0.4,0.09436293994287664,0.04545385166934642,0.05029125695700785,0.05925857699412316,0.009539828186365321,0.010590077207024451,0.020895750575173046,0.02119121928966059,0.029300526451895615,0.17584682329561116,0.753937034925052,0.024702173354202113,0.5026246899500346,0.4
favor_b_treatment1,15,0.27728768915981233,0.3395,0.45099999999999996,-0.1115,0.44933359604267736,0.5487627314299033,0.3959465989494574,0.6033527499963721,0.07218988248389503,1.8370000000000002,14.2,0.11674999999999999,0.55,0.14172630746495327,0.07192649756961324,0.04678056276522951,0.08412240455056202,0.010361388129974319,0.01092189901228492,0.021373198747980594,0.021632550729384133,0.0275529073975075,0.21963126994315293,1.3218806379747876,0.023966808188343354,0.5104177855340405,0.55
favor_b_treatment1,16,0.24127434705327605,0.36,0.4495,-0.0895,0.445695377280262,0.5522198893499413,0.38866013185396164,0.6107889554147039,0.06536402163631001,1.8175000000000001,14.85,0.11599999999999999,0.25,0.09246101994900421,0.04920419323166419,0.05586402665118414,0.06984757841562095,0.010642714455301228,0.01088761372344717,0.020798330849815274,0.021821142291381254,0.024651183660357547,0.19397843070544565,1.4244112357114613,0.021001253095445215,0.44426165831931924,0.25
favor_b_treatment1,17,0.2809633257339372,0.335,0.479,-0.144,0.44180978084291145,0.5559737208564242,0.38029077829254876,0.6190462186543874,0.05123257946125481,1.8295,15.5,0.11574999999999999,0.45,0.09624170881887029,0.04861232245775593,0.04423620807961685,0.0687788217098074,0.010741182849706295,0.011148362290618705,0.021558003871895395,0.022281028885769733,0.01902728048432517,0.19327441631007447,2.013114894621608,0.01995224561955766,0.5104177855340405,0.45
favor_b_treatment1,18,0.2687157932768326,0.356,0.45549999999999996,-0.0995,0.43802373023637475,0.559665893292917,0.37248277538012353,0.6268527828647283,0.06874381458013802,1.807,15.7,0.11274999999999999,0.4,0.1257200998776496,0.06492100462951313,0.04989198859852942,0.09063954057578553,0.011010775396400668,0.011528503870411936,0.022915745960844672,0.023846012328091335,0.0280598690828828,0.21856228788199145,2.53605578553951,0.024466679812607015,0.5026246899500346,0.4
favor_b_treatment1,19,0.3207645098023965,0.32,0.4665,-0.14650000000000002,0.43387796352996755,0.5636245256116177,0.3637604349663791,0.6356690329910692,0.06719010602258259,1.8247499999999999,16.55,0.11474999999999999,0.65,0.09648851324554074,0.043286074094635967,0.05039580183016502,0.07213109410540024,0.011224633158364307,0.011711365587305598,0.02287351873068163,0.024255020150670083,0.017672276941016373,0.16831576684440774,2.7429335045761345,0.023922847480576957,0.4893604849295929,0.65
favor_b_treatment1,20,0.30733181963223893,0.33199999999999996,0.46299999999999997,-0.131,0.42974593873092043,0.5675821678844123,0.3553241896778217,0.6438411449952077,0.06536705548933909,1.846,17.15,0.1155,0.55,0.09066691207861396,0.05916969352277353,0.05232489595634287,0.0873528838435771,0.011659526435191536,0.011895190630858764,0.023685452437663988,0.024316324043392998,0.02533652212643561,0.17357388840733529,3.0309803868159815,0.021818630378164148,0.5104177855340405,0.55
favor_b_treatment1,21,0.20786633289745843,0.337,0.47450000000000003,-0.1375,0.42773910079969035,0.5694584909920136,0.3534199233408952,0.6455056437875715,0.06336109363880561,1.84325,17.7,0.11574999999999999,0.25,0.11316534421260706,0.0381272108936166,0.04860961568292948,0.06171880204861231,0.012182347455366251,0.01230835203708466,0.024249356824871324,0.024530836253597164,0.03557809226317433,0.1962964661719078,3.435112807463533,0.02341136700970616,0.4442616583193193,0.25
favor_b_treatment1,22,0.22759340485365617,0.35750000000000004,0.44699999999999995,-0.0895,0.4266545301091492,0.5704703496841852,0.35147600999858075,0.6472733568288966,0.0672533809560637,1.8692499999999999,17.95,0.1145,0.25,0.10356487575773399,0.06231287777692591,0.05016813834759227,0.08952947177209009,0.01284428398763636,0.012532272220155552,0.025284654323015247,0.025568572881022582,0.028332050412984502,0.2107460120119651,3.5463101654358553,0.021576058856739192,0.4442616583193193,0.25
favor_b_treatment1,23,0.21441130387388102,0.3485,0.4725,-0.124,0.42555795395055673,0.5714385289310548,0.3491721607903308,0.6494410592756656,0.06705142559646024,1.87025,18.0,0.122,0.25,0.11950510526377515,0.04307582054690861,0.03477370452390412,0.0570687489372525,0.013294422906200403,0.012711497335592127,0.02587061888558376,0.02639044611790932,0.02785841860296411,0.19090142813284008,3.641861872001303,0.022618111047751563,0.4442616583193193,0.25
favor_b_treatment1,24,0.23855098272715244,0.355,0.45099999999999996,-0.096,0.4246163884682212,0.5722612060849188,0.3475795833663702,0.6510452394214189,0.080610192596904,1.8662500000000002,18.5,0.11725000000000001,0.3,0.115459649033777,0.0662133712048842,0.04745080555025826,0.09965202614994575,0.014211866564012693,0.013282076865504552,0.027219237771644086,0.027944933664171095,0.036372719067335024,0.21137317337129766,3.9135392515834324,0.021732524740097438,0.4701623459816272,0.3
favor_b_treatment1,25,0.2027014230863379,0.346,0.46449999999999997,-0.11850000000000001,0.42384097070926446,0.5729628712635637,0.3462523393496541,0.6522553670333165,0.06567768577516632,1.879,18.3,0.11825000000000001,0.2,0.1391491621323842,0.06723094525588644,0.04828370107472795,0.09045353561505023,0.015256470347515984,0.01405842841353389,0.0287092259547483,0.029283783508503757,0.030604281215346255,0.28119388329051537,3.881128430590366,0.030230474342083497,0.4103913408340616,0.2
favor_b_treatment1,26,0.23142595901873014,0.337,0.46299999999999997,-0.126,0.42246654844476283,0.5741501744266883,0.3429239342277711,0.6553934778527626,0.060567374335203775,1.9144999999999999,18.9,0.12125000000000001,0.3,0.11286714905739216,0.03555573830362392,0.05252568294102469,0.08028895185188113,0.016012058834867494,0.014600880247915105,0.028997649720350294,0.030113455396271516,0.027487634009004523,0.23654252983565685,4.541040919390503,0.025591682448137632,0.4701623459816272,0.3
favor_b_treatment1,27,0.22426315700376936,0.34750000000000003,0.4795,-0.132,0.4211616884938634,0.5753241748548078,0.3403190236398982,0.6578499494496182,0.07231532008336966,1.859,19.4,0.11750000000000001,0.2,0.11810043480084358,0.05250313273861304,0.048283701074727944,0.07431086907820346,0.015926317166136038,0.01449828867262493,0.02875622177618495,0.02945569836851653,0.03801662546961867,0.21478630751222677,4.309109078757647,0.021367708051366223,0.41039134083406165,0.2
favor_b_treatment1,28,0.27143998374739603,0.33849999999999997,0.46799999999999997,-0.1295,0.41964393217234236,0.576761114509538,0.33691362967908794,0.6611325631743086,0.0742801608238628,1.8399999999999999,19.25,0.1155,0.45,0.12129008972148714,0.06268341508178851,0.04225237458291234,0.08255620095298401,0.015629506569694376,0.01453506931339679,0.02861239153273665,0.029365300535039118,0.030141188924500375,0.2698976414163437,4.7114083267164,0.02694536382346594,0.5104177855340405,0.45
favor_b_treatment1,29,0.26614400732913157,0.3195,0.4805,-0.161,0.4182418245388176,0.5780611949808451,0.33419505959744455,0.6637333272465282,0.06666367878662949,1.888,19.3,0.11975,0.5,0.14727100763324075,0.06411133408294306,0.05423875095596466,0.10517654331246058,0.016474836878763322,0.015488126103511952,0.03125754529906977,0.03257803665763389,0.038507926701665945,0.25427088746163273,4.835178111344095,0.02623150977856894,0.512989176042577,0.5
favor_b_treatment1,30,0.23514751375347406,0.354,0.47350000000000003,-0.11949999999999998,0.4171718774542055,0.5790278711482256,0.3322681257907011,0.6655009005528075,0.06602740584848034,1.8802500000000002,20.05,0.12150000000000001,0.35,0.13546130560081743,0.05205260497045777,0.05499042978938291,0.09270638426888693,0.01754121322683718,0.016528647152734954,0.033614837219638746,0.034676656061488335,0.032773963936601015,0.22083856332767515,4.706937768644784,0.030954125649690738,0.4893604849295929,0.35
favor_b_treatment1,31,0.24096657180092568,0.335,0.45899999999999996,-0.124,0.41584325796909766,0.580235783269925,0.3291019487569241,0.6685831930344664,0.06728004491482384,1.9024999999999999,20.7,0.11850000000000001,0.35,0.15815017029494352,0.06541366346888894,0.053988302826679616,0.10143185423047131,0.01831674157317256,0.017245681469300087,0.035390377953231286,0.0365405351493017,0.029574840333652326,0.25290158268843593,4.496782475457197,0.025807995497111887,0.48936048492959283,0.35
favor_b_treatment1,32,0.1760926509233554,0.3295,0.471,-0.14150000000000001,0.4148901390232833,0.5810564271145515,0.32760239863827556,0.6698345384482588,0.05717826763505539,1.9122499999999998,20.25,0.12125,0.2,0.13376164637124963,0.03748332962798262,0.05839069861039964,0.07988643254810644,0.019283150878531316,0.018270909273528983,0.037576393561266026,0.03883524681496121,0.030221363863560485,0.2594045560205343,5.418049755944914,0.023834682822793305,0.41039134083406165,0.2
favor_b_treatment1,33,0.20896603400250843,0.34249999999999997,0.47000000000000003,-0.1275,0.4141884693809188,0.5817153330815712,0.32624917283834237,0.6709259098923444,0.06350464580349342,1.9245,20.05,0.12275,0.15,0.09490806434916804,0.050458424782973035,0.04645314560761314,0.06495950155370084,0.019788154465141792,0.018905955517392978,0.03822451100037858,0.03915303109392498,0.03751512858160646,0.2785106064313114,5.65196751955505,0.028629897880215693,0.36634754853252327,0.15
favor_b_treatment1,34,0.24489688019678307,0.3285,0.4845,-0.15599999999999997,0.4135730034041717,0.5822488640257506,0.3250151991602182,0.6720556618263842,0.06297155088135145,1.8984999999999999,19.65,0.11875,0.3,0.13257621016001828,0.05931849804678399,0.06847781046671826,0.11090061933290114,0.020130255744694205,0.019188040846258986,0.03865421928419296,0.0399910222228456,0.02965763868490901,0.25421758190056093,5.333854141237835,0.025694306147881336,0.47016234598162726,0.3
favor_b_treatment1,35,0.27123250190377834,0.32999999999999996,0.4835,-0.15350000000000003,0.41181043798545874,0.5839335258153604,0.32019460662557414,0.6768330805239684,0.05473501927812169,1.9095,20.4,0.1255,0.45,0.10612912778937125,0.045768295162757176,0.04912658193515583,0.08228800513728406,0.020623735889120014,0.019884766873828813,0.040374086887329734,0.04175539381136858,0.025310688176677035,0.258217064950361,5.245549492063173,0.03219594613252453,0.5104177855340404,0.45
favor_b_treatment1,36,0.23336019924685764,0.34199999999999997,0.4665,-0.12450000000000001,0.4105637233563364,0.5850785033501124,0.31841468686691415,0.6785619100459488,0.06444446451475055,1.9072500000000001,20.35,0.11975,0.3,0.1627718351889078,0.07459363596390638,0.07087980931422612,0.11614306060336017,0.021695827723050704,0.021092360241517193,0.043724629070631175,0.0452636349454916,0.03549646849700613,0.29503110897523654,5.742500830602786,0.029176188921790316,0.47016234598162726,0.3
favor_b_treatment1,37,0.23329391700849608,0.32999999999999996,0.46749999999999997,-0.1375,0.4093162158763516,0.5862536424667606,0.3158028514573182,0.6813377598370496,0.06631101400790401,1.9289999999999998,20.35,0.12175,0.35,0.13652770224438335,0.05231483637805969,0.06146244039205869,0.08546313455766207,0.022201479291463357,0.021475809699792403,0.04362292203896199,0.04576789240894881,0.03502443168732983,0.25718926064179604,5.584518072785077,0.03547701257226475,0.4893604849295929,0.35
favor_b_treatment1,38,0.20862016391764704,0.3325,0.46799999999999997,-0.1355,0.40826249683249155,0.5872021936295456,0.31398519290027466,0.6831168126209983,0.05319059576491375,1.9120000000000001,21.1,0.12025000000000001,0.3,0.14882517519765667,0.05928299658595647,0.050220566137369416,0.08864328276269652,0.022970274557950573,0.021649439786300392,0.04423631109281813,0.046507269382495386,0.024933084234109837,0.2539602123831294,5.784734902719125,0.027600295574313576,0.47016234598162726,0.3
favor_b_treatment1,39,0.266139071888226,0.3195,0.485,-0.1655,0.40732365322918823,0.5879960087854077,0.3120364743418583,0.6847012744792372,0.0760736964595043,1.9425000000000001,20.5,0.12175,0.4,0.1391393145066067,0.05915857369904436,0.053753824833313264,0.08678315383456446,0.02333506528788498,0.02195143104961443,0.0449173049387545,0.04690909819036717,0.037223073136414694,0.2865470476663749,6.676746765335724,0.024239756382308877,0.5026246899500346,0.4
favor_b_treatment1,40,0.2673008062420978,0.3395,0.4755,-0.136,0.40600643331098335,0.589273743057279,0.3086657866970525,0.6878502072228228,0.06495215022451208,1.9337499999999999,20.55,0.12575,0.45,0.14904321607237253,0.0708203806526728,0.052962250707461474,0.10634600925380568,0.0235933879524694,0.022318845927234293,0.04587755536459105,0.04734432813885109,0.037943246735580666,0.26822945303169865,5.753488644200784,0.0213538484144021,0.5104177855340404,0.45
favor_b_treatment2,1,0.21475264398267932,0.3805,0.425,-0.0445,0.49586699200298157,0.5039647539586273,0.49148578176005053,0.5084396833997182,0.0797957429731367,0.5972500000000001,1.0,0.0,0.15,0.10676890541943997,0.04828370107472794,0.050731491309898596,0.08382155230952804,0.001560131751050195,0.0015335647094695897,0.0031823807450030426,0.0031335161778257,0.022695661472637855,0.026381562541010782,0.0,0.0,0.36634754853252327,0.15
favor_b_treatment2,2,0.14981774466187797,0.403,0.40800000000000003,-0.005000000000000002,0.49285313349676246,0.5068130231457939,0.4863807115496071,0.5134954163506974,0.06798602243432969,0.95525,2.0,0.0,0.15,0.10512228037121404,0.05037752213876844,0.06477491392263066,0.07870665055829312,0.0027996100799930496,0.0027343217725787814,0.0058233701494160486,0.005892111352757096,0.02197068261537992,0.06796816205129852,0.0,0.0,0.36634754853252327,0.15
favor_b_treatment2,3,0.17611974565159838,0.3865,0.4165,-0.029999999999999992,0.48992273721031115,0.5096038631219075,0.4802482837531265,0.5195429581126655,0.06363922769804531,1.20575,3.0,0.0,0.1,0.09036944442120314,0.049659366000573815,0.04368246667413417,0.07553319242488522,0.0036661857699791605,0.0034923490306855457,0.007425349650677911,0.007200420484289328,0.0292774507633375,0.0933058778539984,0.0,0.0,0.3077935056255462,0.1
favor_b_treatment2,4,0.18801661030613664,0.386,0.41550000000000004,-0.029500000000000005,0.4869410477251573,0.5124441259065861,0.4741465441042304,0.5256290476478924,0.06984422835891306,1.366,4.0,0.0,0.1,0.07809959431100534,0.05807436249281923,0.0468452098320685,0.07430201527337069,0.003977780406884644,0.0037943404600706532,0.00736864517011214,0.007556373009434308,0.027006028481590047,0.1111258177401681,0.0,0.0,0.30779350562554625,0.1
favor_b_treatment2,5,0.2202687129890542,0.3765,0.4405,-0.064,0.48385854928542615,0.5154542111406285,0.467686529643277,0.5320883217192648,0.07315555769665628,1.4245,5.0,0.10024999999999999,0.2,0.0896376188597042,0.03856300381399113,0.053751376971346417,0.07315448685739256,0.004830610968511542,0.004853445809998923,0.01026924407983113,0.01042540539476482,0.026244260942517965,0.09306053491085652,0.0,0.018171333699567915,0.41039134083406165,0.2
favor_b_treatment2,6,0.17647244355327318,0.381,0.403,-0.022000000000000002,0.4805791338562863,0.5186315538765534,0.46062891434165004,0.539125152417761,0.07330540197215099,1.5242499999999999,6.0,0.09875,0.1,0.09986406605038871,0.04833000593507319,0.057225316443906764,0.07529590748646653,0.0050795031501328575,0.005335838682572345,0.010511148616748149,0.010709014794136074,0.030732989577409456,0.15295574695419517,0.0,0.025745464598030104,0.3077935056255462,0.1
favor_b_treatment2,7,0.25512555215786686,0.356,0.4385,-0.0825,0.4769708471208857,0.5221425195423534,0.45285686930811064,0.5469191500042468,0.06698489823475365,1.6147500000000001,7.0,0.1035,0.3,0.11228538751775216,0.057710712314001766,0.05842449017861927,0.09834819988719994,0.00515721900725809,0.005528702743275094,0.010743361957893638,0.01079990433743584,0.026899873145835567,0.16986430342761064,0.0,0.02471415533017891,0.4701623459816272,0.3
favor_b_treatment2,8,0.1529909198186645,0.3935,0.42800000000000005,-0.0345,0.4738786490730288,0.5250981554721034,0.44721317262921445,0.5525002925281629,0.06306074467848738,1.60825,8.0,0.10300000000000001,0.1,0.08446787068669254,0.04804329188072819,0.04990517323674445,0.0675492023405318,0.005399049160038861,0.005972124750388154,0.011582668897597037,0.011412398907853056,0.029790463558250588,0.14529710940001522,0.0,0.020545200489600842,0.3077935056255462,0.1
favor_b_treatment2,9,0.1935425702792171,0.38449999999999995,0.43100000000000005,-0.04650000000000001,0.4705612556329604,0.5282635576411028,0.4400128002854098,0.5596054064553092,0.06568168615426968,1.6375,9.0,0.10375000000000001,0.3,0.10749870540684973,0.057717551831948696,0.03864821096152207,0.08158140913093787,0.005944788342193364,0.006500322570784878,0.012618551639386405,0.012681191456155302,0.027809332299203664,0.13436497820645468,0.0,0.020955780511403177,0.4701623459816272,0.3
favor_b_treatment2,10,0.2363925904767144,0.34900000000000003,0.4245,-0.0755,0.46738705130493885,0.5312810295897211,0.43376779245577435,0.5658595827201004,0.0644639143165146,1.6969999999999998,9.9,0.10900000000000001,0.25,0.12414782824100576,0.05646610534321964,0.06565259444907519,0.09087151137153697,0.006836420673932239,0.007429200209811372,0.014957496353437832,0.01540065470096014,0.027781545825316556,0.1380446152136102,0.447213595499958,0.018107863950287045,0.44426165831931924,0.25
favor_b_treatment2,11,0.1953573232772135,0.3895,0.4465,-0.05700000000000001,0.4647838755231185,0.5338129638941027,0.4288441969182655,0.5707424397317409,0.06824238828990586,1.668,10.85,0.10900000000000001,0.15,0.10158057228196174,0.05031218331054302,0.039373381336821146,0.07204530738215692,0.007459111078291111,0.008331571995524433,0.016778485486076813,0.01735137294422962,0.02894555041269612,0.1868604883469568,0.489360484929593,0.021980852911951395,0.3663475485325232,0.15
favor_b_treatment2,12,0.2482944403969817,0.35100000000000003,0.4465,-0.0955,0.4614006122572114,0.5371557001010825,0.42066588139524974,0.5789153694098139,0.06330449097913385,1.7252500000000002,11.75,0.10775000000000001,0.45,0.12254164740693754,0.06051533081094321,0.05499042978938293,0.09236512214831791,0.007841008929681053,0.008973626665738633,0.017446448035979355,0.018220907692842268,0.02023649793087314,0.21580007194769785,0.6386663736585051,0.025051263231096434,0.5104177855340404,0.45
favor_b_treatment2,13,0.2504671149531147,0.369,0.45949999999999996,-0.0905,0.45742436250489255,0.5410444514104659,0.4121622994242407,0.5873143731764531,0.06977264610472231,1.7345,12.7,0.11074999999999999,0.3,0.09426920178718678,0.04140938108816967,0.050935976325290226,0.0722186008988645,0.008626420891636823,0.009679752434353676,0.01912264257290801,0.019529350382543578,0.023041977352080734,0.1976633235420376,0.6569466853317864,0.021537910273454305,0.47016234598162726,0.3
favor_b_treatment2,14,0.28718468302674044,0.3365,0.4585,-0.122,0.453217731094136,0.5450483699137871,0.40349650706753754,0.5957889585883996,0.06775653236583662,1.778,13.6,0.11625,0.4,0.09436293994287664,0.04545385166934642,0.05029125695700785,0.05925857699412316,0.009539828186365321,0.010590077207024451,0.020895750575173046,0.02119121928966059,0.029300526451895615,0.17584682329561116,0.753937034925052,0.024702173354202113,0.5026246899500346,0.4
favor_b_treatment2,15,0.27728768915981233,0.3395,0.45099999999999996,-0.1115,0.44933359604267736,0.5487627314299033,0.3959465989494574,0.6033527499963721,0.07218988248389503,1.8370000000000002,14.2,0.11674999999999999,0.55,0.14172630746495327,0.07192649756961324,0.04678056276522951,0.08412240455056202,0.010361388129974319,0.01092189901228492,0.021373198747980594,0.021632550729384133,0.0275529073975075,0.21963126994315293,1.3218806379747876,0.023966808188343354,0.5104177855340405,0.55
favor_b_treatment2,16,0.24127434705327605,0.36,0.4495,-0.0895,0.445695377280262,0.5522198893499413,0.38866013185396164,0.6107889554147039,0.06536402163631001,1.8175000000000001,14.85,0.11599999999999999,0.25,0.09246101994900421,0.04920419323166419,0.05586402665118414,0.06984757841562095,0.010642714455301228,0.01088761372344717,0.020798330849815274,0.021821142291381254,0.024651183660357547,0.19397843070544565,1.4244112357114613,0.021001253095445215,0.44426165831931924,0.25
favor_b_treatment2,17,0.2809633257339372,0.335,0.479,-0.144,0.44180978084291145,0.5559737208564242,0.38029077829254876,0.6190462186543874,0.05123257946125481,1.8295,15.5,0.11574999999999999,0.45,0.09624170881887029,0.04861232245775593,0.04423620807961685,0.0687788217098074,0.010741182849706295,0.011148362290618705,0.021558003871895395,0.022281028885769733,0.01902728048432517,0.19327441631007447,2.013114894621608,0.01995224561955766,0.5104177855340405,0.45
favor_b_treatment2,18,0.2687157932768326,0.356,0.45549999999999996,-0.0995,0.43802373023637475,0.559665893292917,0.37248277538012353,0.6268527828647283,0.06874381458013802,1.807,15.7,0.11274999999999999,0.4,0.1257200998776496,0.06492100462951313,0.04989198859852942,0.09063954057578553,0.011010775396400668,0.011528503870411936,0.022915745960844672,0.023846012328091335,0.0280598690828828,0.21856228788199145,2.53605578553951,0.024466679812607015,0.5026246899500346,0.4
favor_b_treatment2,19,0.3207645098023965,0.32,0.4665,-0.14650000000000002,0.43387796352996755,0.5636245256116177,0.3637604349663791,0.6356690329910692,0.06719010602258259,1.8247499999999999,16.55,0.11474999999999999,0.65,0.09648851324554074,0.043286074094635967,0.05039580183016502,0.07213109410540024,0.011224633158364307,0.011711365587305598,0.02287351873068163,0.024255020150670083,0.017672276941016373,0.16831576684440774,2.7429335045761345,0.023922847480576957,0.4893604849295929,0.65
favor_b_treatment2,20,0.30733181963223893,0.33199999999999996,0.46299999999999997,-0.131,0.42974593873092043,0.5675821678844123,0.3553241896778217,0.6438411449952077,0.06536705548933909,1.846,17.15,0.1155,0.55,0.09066691207861396,0.05916969352277353,0.05232489595634287,0.0873528838435771,0.011659526435191536,0.011895190630858764,0.023685452437663988,0.024316324043392998,0.02533652212643561,0.17357388840733529,3.0309803868159815,0.021818630378164148,0.5104177855340405,0.55
favor_b_treatment2,21,0.08800184919047291,0.355,0.44399999999999995,-0.089,0.42988598625630764,0.567350113294954,0.36016153190100464,0.6387610111600251,0.0810139559294755,1.8559999999999999,17.6,0.11725000000000001,0.0,0.07744349734732876,0.04806793438238711,0.043213058455201146,0.06719179147861189,0.011940693391129999,0.0122671696255333,0.02407792512960965,0.024470180702640038,0.030627970261411792,0.17460180260720165,3.362330019182343,0.018315581517270738,0.0,0.0
favor_b_treatment2,22,0.15382638549798974,0.3845,0.43200000000000005,-0.0475,0.4321564251138734,0.5650983572367516,0.3656881831452099,0.6329925507062447,0.08812345894721342,1.839,16.9,0.11125,0.0,0.07180347061599848,0.0589803714003762,0.03928304843996761,0.07202886848158065,0.011984555267861699,0.012330379243306839,0.024264143659382845,0.024513639726742628,0.029612856966369328,0.19948354370856344,3.851178903578542,0.021513459679196677,0.0,0.0
favor_b_treatment2,23,0.14479125398713416,0.34550000000000003,0.46699999999999997,-0.12150000000000001,0.4342107055465211,0.5630009566183372,0.36915063345998433,0.6292645566959236,0.07674850567169522,1.8615,17.75,0.11850000000000001,0.05,0.10162283078320217,0.049997368351796904,0.053812540115517775,0.07414601526007564,0.012002399581825151,0.012287912483946013,0.025575838660054438,0.025086269910065483,0.03223096387987143,0.21071994385164894,4.063638504436246,0.022716791841696032,0.22360679774997894,0.05
favor_b_treatment2,24,0.15405904265598458,0.3615,0.445,-0.0835,0.43597414105311294,0.5610746819536934,0.3728391579063544,0.6253741485202012,0.08970966719202159,1.8015,17.45,0.10925,0.1,0.1094266322309997,0.03923948065539684,0.04784844495080824,0.0672994095539908,0.012910818073003896,0.01278571997073133,0.02711647662309602,0.02740924700915669,0.02577564775879681,0.1821660607363801,4.2112006039033325,0.020601162460813765,0.3077935056255462,0.1
favor_b_treatment2,25,0.15943705880859532,0.37,0.437,-0.06699999999999999,0.4380892323425717,0.5588838212752502,0.37763394183619836,0.620364540049731,0.08216773596069807,1.78475,17.45,0.10625,0.05,0.08331428916870613,0.05964809080634605,0.044021525835006035,0.09448475232042805,0.013518907658109187,0.013260037319322885,0.02815977218209262,0.028429543499817453,0.0327601847949647,0.1973006989077172,4.032434291565018,0.02327608892811405,0.22360679774997894,0.05
favor_b_treatment2,26,0.14572104601844754,0.3685,0.4385,-0.07,0.44029832283186093,0.5566483806531336,0.3819961300063853,0.6156576386112127,0.06750557154074915,1.7742499999999999,17.75,0.10825,0.15,0.09721736234778985,0.05584518072785075,0.04749238166053028,0.08711758539015256,0.013759651027367419,0.013608614934933908,0.029425788282101475,0.02927774217768041,0.033690999644484736,0.18934287333884678,4.363424536325858,0.025405915183590404,0.36634754853252327,0.15
favor_b_treatment2,27,0.10556874744093436,0.373,0.4615,-0.0885,0.4425428278261824,0.5543119734274461,0.386807006714101,0.6107228227275006,0.08197258670830072,1.7712499999999998,18.2,0.10900000000000001,0.0,0.0807639803105438,0.050586039264020784,0.043682466674134175,0.07117620832538742,0.014019834808290532,0.013789603016964207,0.029631841449459375,0.029775002636755983,0.03151654923878287,0.17402264674158752,4.595191995301633,0.018680132987242158,0.0,0.0
favor_b_treatment2,28,0.199515792074644,0.3845,0.43150000000000005,-0.047,0.4448681879769952,0.5519071074065789,0.39171838899885697,0.6052846521408931,0.07632994509053043,1.73675,18.1,0.10225,0.15,0.09757572431381206,0.04122786487444218,0.06799961300199475,0.08523033806289748,0.014379853795701029,0.014291707012973373,0.031046199520009695,0.030145746652387284,0.028660355152847122,0.16622175264577002,5.300446853059208,0.015599848177398868,0.36634754853252327,0.15
favor_b_treatment2,29,0.13314794922824333,0.3745,0.4345,-0.06,0.4477903542377291,0.548995219926377,0.3981890475667096,0.5985281647828545,0.09432348938524797,1.7482499999999999,17.75,0.10725,0.05,0.10204141895825244,0.0520601878396029,0.0447772263544762,0.07947194142390264,0.014707966941643672,0.014816019292565567,0.03180325551407092,0.03100074099462457,0.032804602431247366,0.15930998415865716,5.738833551020258,0.016179502952485086,0.22360679774997896,0.05
favor_b_treatment2,30,0.12803350381771267,0.369,0.449,-0.08,0.45049205146909055,0.5463253277332217,0.40328856326265805,0.5930409701491454,0.08863933260500334,1.7845,18.3,0.11274999999999999,0.05,0.08756276299761383,0.04745080555025826,0.06843360208798632,0.08052459578486433,0.014853670656156634,0.014985912012560396,0.03214781823427928,0.03073203815344131,0.03210877896408054,0.19837431391451021,5.685623606032473,0.02397778577196643,0.22360679774997894,0.05
favor_b_treatment2,31,0.12428279052845356,0.3645,0.42750000000000005,-0.063,0.4531827493926327,0.5436586033897799,0.408877040882423,0.5871888795677739,0.07951409784925491,1.843,18.85,0.11674999999999999,0.15,0.10889858309263366,0.0600416522091123,0.057020310324249236,0.10032053890562884,0.015627495550603457,0.015689515769236648,0.03419158315982269,0.032756567620742034,0.03478280671206592,0.1658899444939642,6.1239392207097705,0.01426026869164444,0.3663475485325232,0.15
favor_b_treatment2,32,0.17743348425248712,0.365,0.41450000000000004,-0.0495,0.4561098553436967,0.540748644013211,0.4150542809978776,0.5807172904837528,0.07704837357037449,1.85975,19.75,0.11325,0.15,0.11559319523699851,0.06668859288553503,0.08101169506214585,0.11869798029585757,0.01633482714692505,0.01644100059850166,0.035676837497557234,0.0340089432046444,0.029985764731429027,0.16442463479149277,6.197410325034329,0.017035180316658016,0.3663475485325232,0.15
favor_b_treatment2,33,0.16333107405228905,0.385,0.41100000000000003,-0.026000000000000002,0.4590251476965369,0.5378814671875716,0.420755667594433,0.5747066200227107,0.08547076794462358,1.8415,20.4,0.11274999999999999,0.1,0.10551574283032929,0.0516567619255367,0.044827153425245805,0.07118545090854332,0.017010648876227316,0.017166454341970894,0.037530076624682,0.035597357526492505,0.0395572485898941,0.14713134125313804,6.475866127805852,0.02414185053736397,0.30779350562554625,0.1
favor_b_treatment2,34,0.13464377726851037,0.3685,0.4345,-0.06599999999999999,0.46174953957838455,0.5351979862430251,0.42610165744915873,0.5691761825146263,0.07747209348588373,1.8524999999999998,21.25,0.119,0.1,0.11123576287154001,0.056779814797347235,0.04999736835179691,0.09632182897371762,0.017570508767030597,0.01788629280966498,0.03899510867220728,0.03721759668709593,0.036501028803502755,0.18372963546300428,6.568465333858835,0.019029063643750177,0.30779350562554625,0.1
favor_b_treatment2,35,0.14656307624984172,0.392,0.429,-0.037,0.46420663268579415,0.5328214413151471,0.4307781312917358,0.5643144864359131,0.08032159082812466,1.80975,20.55,0.11125,0.1,0.09779638908946361,0.05671721171975186,0.05729884723741692,0.08373517150736852,0.018129707124990457,0.01840518496188927,0.04005104756094216,0.03822577929040792,0.02891579091483636,0.19915925259635023,6.549206460568936,0.023889823863112225,0.3077935056255462,0.1
favor_b_treatment2,36,0.1917783302513339,0.392,0.39499999999999996,-0.002999999999999997,0.46697343904112476,0.5301329910194831,0.43669486762257037,0.5580409474689838,0.087811212556635,1.80925,17.65,0.10900000000000001,0.1,0.11144351327357564,0.060576180832159814,0.06177207681213422,0.097013292632342,0.01872531980902894,0.018957420319073003,0.04152130051209746,0.03956623298570936,0.029615260288052062,0.243317396137551,6.037383539249432,0.023541676370126857,0.3077935056255462,0.1
favor_b_treatment2,37,0.1396901273212865,0.39249999999999996,0.413,-0.020499999999999997,0.4697617912867809,0.5274382338309012,0.4422067566046734,0.5522384054382374,0.07303545817008696,1.784,17.45,0.10674999999999998,0.0,0.06594309747796974,0.05035400992760631,0.04791439735282297,0.06999812027551355,0.01918462455761654,0.019411227473684543,0.04260340938087921,0.04020232426348699,0.042277959287961485,0.2092190994602246,6.336818062552746,0.02243558029465462,0.0,0.0
favor_b_treatment2,38,0.1721423648493413,0.39,0.3995,-0.00949999999999999,0.47254855772558263,0.5247287990803373,0.44785833501224337,0.5464371493113072,0.0747478466335317,1.8050000000000002,18.35,0.1075,0.2,0.1154765069937371,0.05991221648554264,0.051450026852839385,0.09058145505565696,0.01994859486690702,0.020183371104463377,0.04446811091509091,0.042455747091466295,0.02276347548107434,0.22775217371427858,6.393047210179113,0.023198230422530986,0.41039134083406165,0.2
favor_b_treatment2,39,0.1701465116465772,0.386,0.396,-0.009999999999999998,0.47562078121132123,0.5216834690433596,0.45449802693208613,0.5397446210079405,0.08639012818652998,1.832,18.25,0.11174999999999999,0.05,0.08569715537835683,0.04523622209550313,0.04546832327074126,0.07833799911449843,0.02048492869649417,0.020676192510702178,0.04486424005855742,0.04327368731296723,0.03225637869864017,0.1466413455016228,5.865824301565987,0.017864622493691414,0.22360679774997896,0.05
favor_b_treatment2,40,0.14779728393852737,0.4,0.43499999999999994,-0.034999999999999996,0.47828408083865515,0.5190400142654837,0.4593577325155877,0.5346262234266479,0.0798733704387777,1.741,17.85,0.10900000000000001,0.05,0.09760302498581716,0.06307889796454161,0.03620119218740556,0.07612316889164075,0.020818134835754135,0.02086717465249798,0.045481100325660904,0.04339280261266468,0.03670172047627692,0.18849542783789083,4.31978313295812,0.017137217117324383,0.22360679774997894,0.05
favor_b_treatment3,1,0.21475264398267932,0.3805,0.425,-0.0445,0.49586699200298157,0.5039647539586273,0.49148578176005053,0.5084396833997182,0.0797957429731367,0.5972500000000001,1.0,0.0,0.15,0.10676890541943997,0.04828370107472794,0.050731491309898596,0.08382155230952804,0.001560131751050195,0.0015335647094695897,0.0031823807450030426,0.0031335161778257,0.022695661472637855,0.026381562541010782,0.0,0.0,0.36634754853252327,0.15
favor_b_treatment3,2,0.14981774466187797,0.403,0.40800000000000003,-0.005000000000000002,0.49285313349676246,0.5068130231457939,0.4863807115496071,0.5134954163506974,0.06798602243432969,0.95525,2.0,0.0,0.15,0.10512228037121404,0.05037752213876844,0.06477491392263066,0.07870665055829312,0.0027996100799930496,0.0027343217725787814,0.0058233701494160486,0.005892111352757096,0.02197068261537992,0.06796816205129852,0.0,0.0,0.36634754853252327,0.15
favor_b_treatment3,3,0.17611974565159838,0.3865,0.4165,-0.029999999999999992,0.48992273721031115,0.5096038631219075,0.4802482837531265,0.5195429581126655,0.06363922769804531,1.20575,3.0,0.0,0.1,0.09036944442120314,0.049659366000573815,0.04368246667413417,0.07553319242488522,0.0036661857699791605,0.0034923490306855457,0.007425349650677911,0.007200420484289328,0.0292774507633375,0.0933058778539984,0.0,0.0,0.3077935056255462,0.1
favor_b_treatment3,4,0.18801661030613664,0.386,0.41550000000000004,-0.029500000000000005,0.4869410477251573,0.5124441259065861,0.4741465441042304,0.5256290476478924,0.06984422835891306,1.366,4.0,0.0,0.1,0.07809959431100534,0.05807436249281923,0.0468452098320685,0.07430201527337069,0.003977780406884644,0.0037943404600706532,0.00736864517011214,0.007556373009434308,0.027006028481590047,0.1111258177401681,0.0,0.0,0.30779350562554625,0.1
favor_b_treatment3,5,0.2202687129890542,0.3765,0.4405,-0.064,0.48385854928542615,0.5154542111406285,0.467686529643277,0.5320883217192648,0.07315555769665628,1.4245,5.0,0.10024999999999999,0.2,0.0896376188597042,0.03856300381399113,0.053751376971346417,0.07315448685739256,0.004830610968511542,0.004853445809998923,0.01026924407983113,0.01042540539476482,0.026244260942517965,0.09306053491085652,0.0,0.018171333699567915,0.41039134083406165,0.2
favor_b_treatment3,6,0.17647244355327318,0.381,0.403,-0.022000000000000002,0.4805791338562863,0.5186315538765534,0.46062891434165004,0.539125152417761,0.07330540197215099,1.5242499999999999,6.0,0.09875,0.1,0.09986406605038871,0.04833000593507319,0.057225316443906764,0.07529590748646653,0.0050795031501328575,0.005335838682572345,0.010511148616748149,0.010709014794136074,0.030732989577409456,0.15295574695419517,0.0,0.025745464598030104,0.3077935056255462,0.1
favor_b_treatment3,7,0.25512555215786686,0.356,0.4385,-0.0825,0.4769708471208857,0.5221425195423534,0.45285686930811064,0.5469191500042468,0.06698489823475365,1.6147500000000001,7.0,0.1035,0.3,0.11228538751775216,0.057710712314001766,0.05842449017861927,0.09834819988719994,0.00515721900725809,0.005528702743275094,0.010743361957893638,0.01079990433743584,0.026899873145835567,0.16986430342761064,0.0,0.02471415533017891,0.4701623459816272,0.3
favor_b_treatment3,8,0.1529909198186645,0.3935,0.42800000000000005,-0.0345,0.4738786490730288,0.5250981554721034,0.44721317262921445,0.5525002925281629,0.06306074467848738,1.60825,8.0,0.10300000000000001,0.1,0.08446787068669254,0.04804329188072819,0.04990517323674445,0.0675492023405318,0.005399049160038861,0.005972124750388154,0.011582668897597037,0.011412398907853056,0.029790463558250588,0.14529710940001522,0.0,0.020545200489600842,0.3077935056255462,0.1
favor_b_treatment3,9,0.1935425702792171,0.38449999999999995,0.43100000000000005,-0.04650000000000001,0.4705612556329604,0.5282635576411028,0.4400128002854098,0.5596054064553092,0.06568168615426968,1.6375,9.0,0.10375000000000001,0.3,0.10749870540684973,0.057717551831948696,0.03864821096152207,0.08158140913093787,0.005944788342193364,0.006500322570784878,0.012618551639386405,0.012681191456155302,0.027809332299203664,0.13436497820645468,0.0,0.020955780511403177,0.4701623459816272,0.3
favor_b_treatment3,10,0.2363925904767144,0.34900000000000003,0.4245,-0.0755,0.46738705130493885,0.5312810295897211,0.43376779245577435,0.5658595827201004,0.0644639143165146,1.6969999999999998,9.9,0.10900000000000001,0.25,0.12414782824100576,0.05646610534321964,0.06565259444907519,0.09087151137153697,0.006836420673932239,0.007429200209811372,0.014957496353437832,0.01540065470096014,0.027781545825316556,0.1380446152136102,0.447213595499958,0.018107863950287045,0.44426165831931924,0.25
favor_b_treatment3,11,0.1953573232772135,0.3895,0.4465,-0.05700000000000001,0.4647838755231185,0.5338129638941027,0.4288441969182655,0.5707424397317409,0.06824238828990586,1.668,10.85,0.10900000000000001,0.15,0.10158057228196174,0.05031218331054302,0.039373381336821146,0.07204530738215692,0.007459111078291111,0.008331571995524433,0.016778485486076813,0.01735137294422962,0.02894555041269612,0.1868604883469568,0.489360484929593,0.021980852911951395,0.3663475485325232,0.15
favor_b_treatment3,12,0.2482944403969817,0.35100000000000003,0.4465,-0.0955,0.4614006122572114,0.5371557001010825,0.42066588139524974,0.5789153694098139,0.06330449097913385,1.7252500000000002,11.75,0.10775000000000001,0.45,0.12254164740693754,0.06051533081094321,0.05499042978938293,0.09236512214831791,0.007841008929681053,0.008973626665738633,0.017446448035979355,0.018220907692842268,0.02023649793087314,0.21580007194769785,0.6386663736585051,0.025051263231096434,0.5104177855340404,0.45
favor_b_treatment3,13,0.2504671149531147,0.369,0.45949999999999996,-0.0905,0.45742436250489255,0.5410444514104659,0.4121622994242407,0.5873143731764531,0.06977264610472231,1.7345,12.7,0.11074999999999999,0.3,0.09426920178718678,0.04140938108816967,0.050935976325290226,0.0722186008988645,0.008626420891636823,0.009679752434353676,0.01912264257290801,0.019529350382543578,0.023041977352080734,0.1976633235420376,0.6569466853317864,0.021537910273454305,0.47016234598162726,0.3
favor_b_treatment3,14,0.28718468302674044,0.3365,0.4585,-0.122,0.453217731094136,0.5450483699137871,0.40349650706753754,0.5957889585883996,0.06775653236583662,1.778,13.6,0.11625,0.4,0.09436293994287664,0.04545385166934642,0.05029125695700785,0.05925857699412316,0.009539828186365321,0.010590077207024451,0.020895750575173046,0.02119121928966059,0.029300526451895615,0.17584682329561116,0.753937034925052,0.024702173354202113,0.5026246899500346,0.4
favor_b_treatment3,15,0.27728768915981233,0.3395,0.45099999999999996,-0.1115,0.44933359604267736,0.5487627314299033,0.3959465989494574,0.6033527499963721,0.07218988248389503,1.8370000000000002,14.2,0.11674999999999999,0.55,0.14172630746495327,0.07192649756961324,0.04678056276522951,0.08412240455056202,0.010361388129974319,0.01092189901228492,0.021373198747980594,0.021632550729384133,0.0275529073975075,0.21963126994315293,1.3218806379747876,0.023966808188343354,0.5104177855340405,0.55
favor_b_treatment3,16,0.24127434705327605,0.36,0.4495,-0.0895,0.445695377280262,0.5522198893499413,0.38866013185396164,0.6107889554147039,0.06536402163631001,1.8175000000000001,14.85,0.11599999999999999,0.25,0.09246101994900421,0.04920419323166419,0.05586402665118414,0.06984757841562095,0.010642714455301228,0.01088761372344717,0.020798330849815274,0.021821142291381254,0.024651183660357547,0.19397843070544565,1.4244112357114613,0.021001253095445215,0.44426165831931924,0.25
favor_b_treatment3,17,0.2809633257339372,0.335,0.479,-0.144,0.44180978084291145,0.5559737208564242,0.38029077829254876,0.6190462186543874,0.05123257946125481,1.8295,15.5,0.11574999999999999,0.45,0.09624170881887029,0.04861232245775593,0.04423620807961685,0.0687788217098074,0.010741182849706295,0.011148362290618705,0.021558003871895395,0.022281028885769733,0.01902728048432517,0.19327441631007447,2.013114894621608,0.01995224561955766,0.5104177855340405,0.45
favor_b_treatment3,18,0.2687157932768326,0.356,0.45549999999999996,-0.0995,0.43802373023637475,0.559665893292917,0.37248277538012353,0.6268527828647283,0.06874381458013802,1.807,15.7,0.11274999999999999,0.4,0.1257200998776496,0.06492100462951313,0.04989198859852942,0.09063954057578553,0.011010775396400668,0.011528503870411936,0.022915745960844672,0.023846012328091335,0.0280598690828828,0.21856228788199145,2.53605578553951,0.024466679812607015,0.5026246899500346,0.4
favor_b_treatment3,19,0.3207645098023965,0.32,0.4665,-0.14650000000000002,0.43387796352996755,0.5636245256116177,0.3637604349663791,0.6356690329910692,0.06719010602258259,1.8247499999999999,16.55,0.11474999999999999,0.65,0.09648851324554074,0.043286074094635967,0.05039580183016502,0.07213109410540024,0.011224633158364307,0.011711365587305598,0.02287351873068163,0.024255020150670083,0.017672276941016373,0.16831576684440774,2.7429335045761345,0.023922847480576957,0.4893604849295929,0.65
favor_b_treatment3,20,0.30733181963223893,0.33199999999999996,0.46299999999999997,-0.131,0.42974593873092043,0.5675821678844123,0.3553241896778217,0.6438411449952077,0.06536705548933909,1.846,17.15,0.1155,0.55,0.09066691207861396,0.05916969352277353,0.05232489595634287,0.0873528838435771,0.011659526435191536,0.011895190630858764,0.023685452437663988,0.024316324043392998,0.02533652212643561,0.17357388840733529,3.0309803868159815,0.021818630378164148,0.5104177855340405,0.55
favor_b_treatment3,21,0.3071244232049651,0.3325,0.47450000000000003,-0.142,0.42564104816024695,0.5715185221663203,0.346854652583641,0.6523047885104967,0.06643776755691654,1.89325,18.15,0.12175,0.55,0.11482089932977284,0.04552327340001631,0.06700157107348892,0.08550777126886434,0.012022285597228958,0.012148514108382042,0.023937525120922516,0.024911919461560295,0.02300149001304055,0.22535512909744546,3.0309803868159815,0.02477663372912811,0.5104177855340405,0.55
favor_b_treatment3,22,0.2736548530781614,0.3435,0.4665,-0.12300000000000003,0.4218986514284352,0.5750823012323862,0.3395303971176012,0.6594007061066642,0.06353883101551701,1.893,17.85,0.11975,0.45,0.12835973282395638,0.06158220864058574,0.04815271758194252,0.1000578779875349,0.012311008962452265,0.012407032434281609,0.02496956063116383,0.025603846620764755,0.026017245803873885,0.23286205539354254,3.0482954684803594,0.024893192897488644,0.5104177855340404,0.45
favor_b_treatment3,23,0.313390561843064,0.33199999999999996,0.48950000000000005,-0.15750000000000003,0.41783839902676617,0.5789622770036235,0.3306798101991452,0.6681852553773189,0.06048009565395109,1.92125,18.85,0.12775,0.45,0.1253589822987162,0.05366563145999496,0.05586402665118414,0.08848877419138959,0.012784215195280293,0.012692145643586452,0.02590352315584661,0.026760456238231572,0.02481308489123226,0.23279127199229238,3.0482954684803594,0.026679136338897357,0.5104177855340404,0.45
favor_b_treatment3,24,0.33498341881017346,0.331,0.497,-0.166,0.4135131675623618,0.5830974925508599,0.3216725065205538,0.6772426040534346,0.06529116468324506,1.9195,19.45,0.129,0.55,0.1020985769160363,0.062230471466536125,0.044497190922573995,0.08506344381509728,0.01325948833667638,0.01292684834616969,0.02643594072565515,0.027549760660481842,0.02532984910036898,0.24215534379054238,3.4255233945071497,0.025884358211089566,0.5104177855340405,0.55
favor_b_treatment3,25,0.34572538531923386,0.3075,0.5065000000000001,-0.199,0.40908733150542514,0.5873319408640457,0.31261146216435487,0.6863711040319614,0.04863604725442856,1.9617499999999999,19.8,0.12725,0.65,0.11692232251090477,0.06315186374713609,0.045684847194205375,0.08601713415605668,0.013796969482702742,0.013210469690826284,0.02745252500008515,0.028643566281261128,0.02768219010836797,0.2689368689370876,3.6649118607912547,0.02726454223268556,0.4893604849295929,0.65
favor_b_treatment3,26,0.3378653706768068,0.3,0.47750000000000004,-0.1775,0.40498275835792397,0.5912483975084435,0.3044405823174121,0.6943123282086928,0.05445399701164535,2.00725,19.65,0.1295,0.75,0.07216592694172222,0.035835883222208854,0.03809613877381387,0.051183364896275285,0.014218555753261477,0.013508338972382872,0.028631305462605984,0.02877166820830068,0.025962146219166232,0.26048272495503416,4.533791256541785,0.028878146900745767,0.44426165831931924,0.75
favor_b_treatment3,27,0.34402494541209233,0.314,0.48950000000000005,-0.17550000000000002,0.4008508183808782,0.5952831587303494,0.2957079467417273,0.7030509264702371,0.0635561960031212,2.0235,20.35,0.1315,0.55,0.15098627896737152,0.06548603708143878,0.049786385794977295,0.08882122790367059,0.014817023102737938,0.014591949512134507,0.0312960001818809,0.03165018993178217,0.02659505996752504,0.3019284509179024,4.837082635334301,0.024392621835300936,0.5104177855340405,0.55
favor_b_treatment3,28,0.3205966738576599,0.319,0.48650000000000004,-0.1675,0.3968314831599678,0.5992574799587846,0.2875185215576549,0.7111511319909514,0.06036529843695092,2.0620000000000003,20.7,0.13674999999999998,0.5,0.13364591597932418,0.06679899148308972,0.05668704483946556,0.08346918750747426,0.015089014427692997,0.015360786140127774,0.03245281014310565,0.03235059767059736,0.027752629548304975,0.3347717211222565,5.232489595634285,0.030490507582386667,0.512989176042577,0.5
favor_b_treatment3,29,0.3519769766948626,0.3075,0.487,-0.17950000000000002,0.39269478023465526,0.6032628857335318,0.27908731542759985,0.7196147119914923,0.06035800152703604,2.0895,21.6,0.134,0.7,0.11962081809874778,0.06881516050834635,0.048785243670601885,0.09483919909093774,0.015773509845424298,0.0161819991112671,0.03385445683083012,0.03373819682343226,0.02683050660544817,0.3160192365897001,5.4037024344425175,0.027028250327934173,0.47016234598162726,0.7
favor_b_treatment3,30,0.3746312612224895,0.296,0.519,-0.22300000000000003,0.38833404110184694,0.6075194063147231,0.2701868292040265,0.7283962664807464,0.049491893714340686,2.09,22.55,0.13374999999999998,0.85,0.10005128750308394,0.05082477638649127,0.045526163674829624,0.07630272120414773,0.01624673592048826,0.016906991780520138,0.03429483523678872,0.03401297905119046,0.017070486439448817,0.2789736829693326,5.414162714098722,0.02157453420854757,0.3663475485325232,0.85
favor_b_treatment3,31,0.3896158742261639,0.2915,0.5175,-0.22599999999999998,0.3837095893234707,0.6120061977326603,0.26091679213363916,0.7377808493582754,0.056676303799202264,2.12675,23.4,0.1375,0.75,0.10145693143960605,0.04901933023657204,0.06016424887011608,0.09201830481514332,0.016601167698538415,0.016998631225467725,0.03337390971515594,0.033740954649915514,0.02891596879927612,0.27155630898097066,5.613892542049965,0.02239008239095346,0.44426165831931935,0.75
favor_b_treatment3,32,0.39045391807457575,0.2785,0.532,-0.2535,0.37875563107620464,0.6167326930495366,0.25140732396713455,0.7474351703605909,0.03765212980455153,2.1785,24.1,0.14150000000000001,0.95,0.07995133667547928,0.04233637231805096,0.03833371471968933,0.0515317990738677,0.01700822849992967,0.017050173743894965,0.03291560430340887,0.0337822364336136,0.02731079701093284,0.26600900261773897,5.627937829305359,0.025705825675986574,0.22360679774997896,0.95
favor_b_treatment3,33,0.3856235583291793,0.28700000000000003,0.5155000000000001,-0.2285,0.3739948905263823,0.6212922622588056,0.24294056252184087,0.755936434751781,0.05260159147131492,2.2365,24.25,0.14725,0.85,0.1032686741589681,0.05332127056566488,0.04084308870221305,0.06807696882360824,0.017964678671173656,0.01783876072413306,0.03399882302490795,0.03509125667645632,0.018720509598051292,0.3051535420252014,6.14624403920587,0.026728409880440743,0.3663475485325232,0.85
favor_b_treatment3,34,0.3815317223654691,0.2745,0.5005,-0.22600000000000003,0.36935614421611707,0.6257738370166493,0.23475690302856886,0.764322559195727,0.04380539285931443,2.35175,25.2,0.15775,0.8,0.1117029607426991,0.055105162619925374,0.05567528035048647,0.0888167836201671,0.018569500934425536,0.018365905832216468,0.03352209565031451,0.034852042233348625,0.02429297584803244,0.35092087502215613,6.1950744441387515,0.028904334040344006,0.4103913408340616,0.8
favor_b_treatment3,35,0.3733196336625312,0.299,0.5115000000000001,-0.2125,0.3646726573576136,0.6302342882271852,0.22696667327775363,0.7722491917250082,0.05430302269400378,2.33875,25.95,0.151,0.8,0.11183647755256725,0.059991227428858734,0.059051716851907826,0.09002192715344996,0.019124414812119923,0.018844505861964986,0.033227884012320574,0.03451074986093283,0.028629494593303665,0.4264784655512484,6.5892655928131765,0.030890298255533067,0.41039134083406165,0.8
favor_b_treatment3,36,0.4225982085399521,0.27549999999999997,0.534,-0.2585,0.36008598976696793,0.6346158594657101,0.2197176039669529,0.779754121748949,0.05139177842636804,2.3762499999999998,26.95,0.15525,0.95,0.07476364658454447,0.05335827267779473,0.045352421162085245,0.07603842518926308,0.01999154647692981,0.019363451558065247,0.03353948783861047,0.03519966142525695,0.025077096167284884,0.4032136530426518,6.5892655928131765,0.031725591529469334,0.22360679774997896,0.95
favor_b_treatment3,37,0.39019206292828423,0.27549999999999997,0.506,-0.2305,0.35562243783573544,0.6388141868316872,0.21309744754195187,0.7865895715121547,0.05288538763520821,2.46475,27.95,0.16025,0.9,0.15116202217409816,0.05114221657094532,0.06777672322063318,0.09372271532782783,0.020956616738656363,0.019923786395819043,0.03353827231468141,0.03471719423134189,0.01830192279710693,0.4101459143434585,6.5892655928131765,0.03431567847899388,0.30779350562554625,0.9
favor_b_treatment3,38,0.3947940977325485,0.2785,0.5385,-0.26,0.351284209353503,0.6428332038367688,0.20677701921374778,0.7930400659741077,0.05340582002299332,2.49925,28.95,0.16225,0.85,0.091858268482624,0.048804119757077456,0.04295346318982907,0.06735608439675778,0.021395579879408873,0.020159604868194844,0.03289813928323043,0.033515936589923905,0.032955669038275764,0.41161835606861796,6.5892655928131765,0.03636347936568979,0.3663475485325232,0.85
favor_b_treatment3,39,0.4177002564161615,0.275,0.5295,-0.2545,0.3466983619112533,0.6470915875162002,0.1999654582818042,0.8000476214234322,0.05002336495997646,2.5170000000000003,29.75,0.1595,0.9,0.09845340112285819,0.04882837828881674,0.05491380806126519,0.08022829268636111,0.02158719203466176,0.02002338019268678,0.03157918679199148,0.032402601425249956,0.028097348420009386,0.4374218727233952,6.835472493582745,0.031784637136433334,0.3077935056255462,0.9
favor_b_treatment3,40,0.4396048066109059,0.2645,0.5345,-0.27,0.3422070814759526,0.6513451268476318,0.19377566730329207,0.8064427110678016,0.04890227451926601,2.572,30.75,0.1645,0.9,0.09311108137071018,0.05817170590949738,0.054141627140987206,0.0809158106988531,0.021411906233811638,0.01980345321108664,0.030580051832341023,0.031714946749303655,0.021881832722143234,0.4878157546926051,6.835472493582745,0.035388817740249975,0.3077935056255463,0.9
